Ubicazione;Tipo via;Descrizione via;Civico;Codice via;ZD;Camere;Camere piano;Categoria;Insegna;Piani totali;Piano piano;Posti letto;Posti letto per piano;Tipo attività struture extra
ALZ NAVIGLIO GRANDE N. 8 (z.d. 6);ALZ;NAVIGLIO GRANDE;8;5144;6;14;;4;HOTEL MAISON BORELLA;;;25;;Albergo
"codvia 0000 num.024  ; ()";;;;;;259;259;4;radisson blu hotel milan;;;518;518;Albergo
CSO BUENOS AIRES N. 18 (z.d. 3);CSO;BUENOS AIRES;18;2129;3;16;16;1;hotel aurora;1;1;25;25;Albergo
CSO BUENOS AIRES N. 26 (z.d. 3);CSO;BUENOS AIRES;26;2129;3;25;;3;hotel buenos aires;;;39;;Albergo
CSO BUENOS AIRES N. 2 (z.d. 3);CSO;BUENOS AIRES;2;2129;3;46;"15;11;8";3;albergo fenice;4;"1;2;3;4";98;"24;19;13";Albergo
CSO BUENOS AIRES N. 33 (z.d. 3);CSO;BUENOS AIRES;33;2129;3;65;0;4;GALAXY G SRL;;;97;0;Albergo
CSO BUENOS AIRES N. 3 (z.d. 3);CSO;BUENOS AIRES;3;2129;3;116;"4;23;24;24";4;cristoforo colombo;4;"2;3;4;5";191;"5;38;40;40";Albergo
CSO COLOMBO CRISTOFORO N. 15 (z.d. 6);CSO;COLOMBO CRISTOFORO;15;5114;6;39;;3;hotel minerva;;;60;;Albergo
CSO COLOMBO CRISTOFORO N. 15 (z.d. 6);CSO;COLOMBO CRISTOFORO;15;5114;6;44;0;3;hotel minerva;;;67;0;Albergo
CSO CONCORDIA N. 1 (z.d. 3);CSO;CONCORDIA;1;3116;3;77;;5;;;;180;;Albergo
CSO DI PORTA ROMANA N. 48 (z.d. 1);CSO;DI PORTA ROMANA;48;402;1;56;;4;hotel lloyd;;;100;;Albergo
CSO DI PORTA ROMANA N. 64 (z.d. 1);CSO;DI PORTA ROMANA;64;402;1;72;;4;hotel romana residence;6;;147;;Residence
CSO EUROPA N. 9 (z.d. 1);CSO;EUROPA;9;300;1;89;"12;12;12;12;12;11;5";4;hotel galileo;7;"1;2;3;4;5;6;7";159;"22;22;22;22;22;21;6";Albergo
CSO GARIBALDI GIUSEPPE N. 68 (z.d. 1);CSO;GARIBALDI GIUSEPPE;68;1010;1;89;;3;hotel ritter;7;;172;;Albergo
CSO GARIBALDI GIUSEPPE N. 84 (z.d. 1);CSO;GARIBALDI GIUSEPPE;84;1010;1;98;"14;14;14;14;14;14;14";4;carlyle brera hotel;7;"1;2;3;4;5;6;7";203;"29;29;29;29;29;29;29";Albergo
CSO ITALIA N. 34 (z.d. 1);CSO;ITALIA;34;526;1;41;;4;residence di corso italia;;;81;;Residence
"CSO ITALIA num.011/a ; (z.d. 1)";;;;;;39;"8;16;17";3;hotel zurigio;3;"T;1;2";70;"14;24;21";Albergo
CSO LODI N. 4 (z.d. 5);CSO;LODI;4;4068;5;21;21;;hotel five;;;43;43;Albergo
CSO LODI N. 74 (z.d. 4);CSO;LODI;74;4068;4;27;;1;hotel del sud;;;46;;Albergo
CSO MAGENTA N. 61 (z.d. 1);CSO;MAGENTA;61;604;1;105;;3;palazzo delle stelline;;;167;;Albergo
CSO MAGENTA N. 78 (z.d. 1);CSO;MAGENTA;78;604;1;16;16;3;antica locanda leonardo;1;1;35;35;Albergo
"CSO MAGENTA num.019 ; (z.d. 1)";;;;;;48;8;4;hotel king;6;"1;2;3;4;5;6";96;"16;17;15";Albergo
"CSO MATTEOTTI GIACOMO num.004/6 cinque stelle lusso; (z.d. 1)";CSO;MATTEOTTI GIACOMO;;218;1;154;154;l;boscolo hotel exedra;;;308;308;Albergo
CSO SEMPIONE N. 69 (z.d. 8);CSO;SEMPIONE;69;7137;8;83;;4;hotel nasco;;;211;;Albergo
"CSO SEMPIONE num.091 ; (z.d. 8)";;;;;;113;0;4;enterprise hotel;;;216;0;Albergo
CSO VENTIDUE MARZO N. 32 (z.d. 4);CSO;VENTIDUE MARZO;32;3074;4;9;;1;hotel america;;;18;;Albergo
CSO VENTIDUE MARZO N. 43 (z.d. 4);CSO;VENTIDUE MARZO;43;3074;4;9;0;1;hotel el diablo;;;15;0;Albergo
CSO VERCELLI N. 1 (z.d. 7);CSO;VERCELLI;1;6193;7;7;;1;hotel nicosia;;;15;;Albergo
CSO VERCELLI N. 55 (z.d. 7);CSO;VERCELLI;55;6193;7;14;"5;5;4";1;ferrari;3;"R;1;2";25;"8;10;7";Albergo
CSO VERCELLI N. 61 (z.d. 7);CSO;VERCELLI;61;6193;7;40;"11;11";3;hotel metro;2;"1;2";64;"19;19";Albergo
GLL BUENOS AIRES N. 5 sembra avere come indirizzo ufficiale corso buenos aires 42 ma ermes non riconosce il civico (z.d. 3);GLL;BUENOS AIRES;5;2146;3;60;"3;10;;;;4;13";4;hotel city;7;"1;6;2;5;4;7;3";100;"3;14;;;;7;22";
GLL DEL CORSO N. 3 (z.d. 1);GLL;DEL CORSO;3;305;1;87;"12;16;16;14;12;10;4";4;hotel ambasciatori;7;"3;4;5;6;7;8;9";150;"23;26;32;26;24;17;9";Albergo
LGO AUGUSTO N. 10 (z.d. 1);LGO;AUGUSTO;10;315;1;242;"19;36;30;34;33;27;26";4;jolly hotel president;8;"1;2;3;4;5;6;7;8";530;"38;70;59;69;67;55;49";Albergo
"LGO CARROBBIO num.002 ;";LGO;CARROBBIO;;542;1;52;"8;8;8;8;8;8";3;hotel ariston;6;"1;2;3;4;5;6";95;"15;15;15;12;10;10";Albergo
LGO RIO DE JANEIRO N. 12 (z.d. 3);LGO;RIO DE JANEIRO;12;3174;3;29;0;4;hotel dieci;;;41;0;Albergo
PLE CORVETTO LUIGI EMANUELE N. 5 (z.d. 4);PLE;CORVETTO LUIGI EMANUELE;5;4174;4;15;"3;6;6";1;hotel corvetto;3;"R;1;2";25;"4;7;7";Albergo
PLE LOTTO LORENZO N. 14 (z.d. 8);PLE;LOTTO LORENZO;14;6539;8;27;;3;HOTEL ORO BLU;;;48;;Albergo
PLE PRINCIPESSA CLOTILDE N. 10 (z.d. 9);PLE;PRINCIPESSA CLOTILDE;10;1061;9;57;0;3;hotel cervo;;;79;0;Albergo
PLE TRIPOLI N. 3 (z.d. 6);PLE;TRIPOLI;3;6130;6;10;;1;hotel tripoli;;;20;;Albergo
PZA ASPROMONTE N. 18 (z.d. 3);PZA;ASPROMONTE;18;2246;3;10;;1;hotel tirreno;;;16;;Albergo
PZA ASPROMONTE N. 22 (z.d. 3);PZA;ASPROMONTE;22;2246;3;29;"5;6;6";3;hotel florence;;"1;2;3";56;"9;11;11";Albergo
"PZA ASPROMONTE num.012/14 ; (z.d. 3)";PZA;ASPROMONTE;;2246;3;19;"4;8;7";3;hotel aspromonte;3;"T;1;2";31;"9;12;10";Albergo
"PZA BECCARIA CESARE N. 6 subingresso con riduzione came; (z.d. 1)";PZA;BECCARIA CESARE;6;306;1;15;"7;20;10";1;hotel nuovo;;"1;2;3";33;"14;37;13";Albergo
"PZA BUONARROTI MICHELANGELO N. 31 r.t.a.con 23 alloggi e 24 p.l.; (z.d. 7)";PZA;BUONARROTI MICHELANGELO;31;6252;8;23;;2;residence le corti;;;24;;Residence
PZA CINQUE GIORNATE N. 6 (z.d. 1);PZA;CINQUE GIORNATE;6;3053;1;22;;2;hotel cinque giornate;;;48;;Albergo
PZA DEL DUOMO N. 25 (z.d. 1);PZA;DEL DUOMO;25;1;1;161;"29;30;50;38;22;2";4;grand hotel duomo;7;"1;2;3;4;5;A";244;"42;46;62;60;31;3";Albergo
PZA DELLA REPUBBLICA N. 13 (z.d. 2);PZA;DELLA REPUBBLICA;13;1055;2;99;"6;6;6;6;6;6;6;6;6;6";I;duca di milano;;"1;2;3;4;5;6;7;8;9;0";189;"11;11;11;11;11;11;11;11;11;11";Albergo
PZA DELLA REPUBBLICA N. 17 (z.d. 2);PZA;DELLA REPUBBLICA;17;1055;2;302;412;5;HOTEL PRINCIPE DI SAVOIA;;;725;812;Albergo
PZA DELLA REPUBBLICA N. 17 (z.d. 2);PZA;DELLA REPUBBLICA;17;1055;2;313;"48;50;41;41;41;43;10;10;10";I;hotel principe di savoia;;"1;2;3;4;5;6;7;8;9";623;"76;81;71;71;85;70;18;18;18";Albergo
PZA DELLA REPUBBLICA N. 20 (z.d. 2);PZA;DELLA REPUBBLICA;20;1055;2;228;"6;28;29;26;24;13";I;the westin palace;;"A;1;2;3;4;5;6;7;8;9";441;"11;48;43;37;22;20";Albergo
PZA DUCA D'AOSTA N. 16 (z.d. 2);PZA;DUCA D'AOSTA;16;1200;2;63;9;3;mini hotel aosta;7;"1;2;3;4;5;6;7";110;"15;16";Albergo
PZA DUCA D'AOSTA N. 9 (z.d. 2);PZA;DUCA D'AOSTA;9;1200;2;243;"45;42;43;43;43;47";l;hotel execelsior gallia;8;"1;2;3;4;5;6";448;"79;71;73;74;69;67";Albergo
PZA FONTANA N. 3 (z.d. 1);PZA;FONTANA;3;308;1;327;"45;43;45;41;6;1";4;starhotels rosa grand;;"1;2;3;4;5;6";650;"78;76;74;64;10;1";Albergo
PZA GERUSALEMME N. 12 (z.d. 8);PZA;GERUSALEMME;12;7201;8;15;0;4;town house 12;;;23;0;Albergo
PZA GERUSALEMME N. 6 (z.d. 8);PZA;GERUSALEMME;6;7201;8;119;"15;15;15;15;16;10";4;hotel mozart;;"1;2;3;4;5;6";208;"26;26;26;26;26;12";Albergo
PZA LEONARDO DA VINCI N. 10 (z.d. 3);PZA;LEONARDO DA VINCI;10;2208;3;13;0;1;leonardo da vinci;;;20;0;Albergo
"PZA LIMA N. 2 num.001 ; (z.d. 3)";PZA;LIMA;2;2135;3;198;;4;hotel galles;;;395;;Albergo
PZA LUIGI DI SAVOIA N. 20 (z.d. 2);PZA;LUIGI DI SAVOIA;20;2260;2;106;"13;14";4;starhotels anderson;;"1;2;3;4;5;6;7;8";212;"16;17";Albergo
PZA MISSORI GIUSEPPE N. 1 (z.d. 1);PZA;MISSORI GIUSEPPE;1;525;1;167;;4;hotel dei cavalieri;9;;305;;Albergo
PZA OBERDAN GUGLIELMO N. 12 (z.d. 3);PZA;OBERDAN GUGLIELMO;12;2108;3;30;0;3;hotel mercure milano centro porta venezi;;;57;0;Albergo
PZA SANTA MARIA BELTRADE N. 4 (z.d. 1);PZA;SANTA MARIA BELTRADE;4;514;1;48;;3;hotel gritti;;;78;;Albergo
PZA SANTA MARIA DEL SUFFRAGIO N. 3 (z.d. 4);PZA;SANTA MARIA DEL SUFFRAGIO;3;3078;4;15;0;2;xxii marzo;;;25;0;Albergo
PZA SANT' EUSTORGIO N. 2 (z.d. 1);PZA;SANT' EUSTORGIO;2;5186;1;22;;3;;;;38;;Albergo
"VIA AIRAGHI GAETANO N. 125 num.000 ; (z.d. 7)";VIA;AIRAGHI GAETANO;125;6330;7;234;0;4;idea hotel milano san siro;;;432;0;Albergo
"VIA AJRAGHI CESARE N. 30 suap; (z.d. 8)";VIA;AJRAGHI CESARE;30;7276;8;17;0;2;residence 2gi;;;22;0;Residence
VIA ALBRICCI ALBERICO N. 4 (z.d. 1);VIA;ALBRICCI ALBERICO;4;337;1;73;"11;11;12;11;6;6;5;7;4";4;residence missori;9;"3;4;5;6;7;8;2;9;0";158;"24;24;24;22;14;16;12;14;8";Residence
VIA ANTONIO DA RECANATE N. 2 (z.d. 2);VIA;ANTONIO DA RECANATE;2;2215;2;10;;1;KLICK HOTEL;;;16;;Albergo
VIA AOSTA N. 2 (z.d. 8);VIA;AOSTA;2;7227;8;15;;1;hotel principe eugenio;;;24;;Albergo
VIA AOSTA N. 2 (z.d. 8);VIA;AOSTA;2;7227;8;15;;3;hotel bogart 2;;;25;;Albergo
VIA ARCHIMEDE N. 121 (z.d. 4);VIA;ARCHIMEDE;121;3086;4;7;"1;3;3";1;pensione lanterna;3;"T;1;2";16;"2;7;7";Albergo
VIA ARCHIMEDE N. 79 (z.d. 4);VIA;ARCHIMEDE;79;3086;4;14;14;2;HOTEL CASTELLETTO;;;22;22;Albergo
"VIA ARCHIMEDE num.086/88 ;";VIA;ARCHIMEDE;;3086;4;14;"6;8";2;hotel delizia;2;"R;1";25;"12;12";Albergo
VIA ARIMONDI GIUSEPPE N. 12 (z.d. 8);VIA;ARIMONDI GIUSEPPE;12;7179;8;71;"12;12;11;12;12";4;hotel regency;;"4;5;3;1;2";125;"18;18;18;18;18";Albergo
VIA ARIOSTO LODOVICO N. 22 (z.d. 1);VIA;ARIOSTO LODOVICO;22;6184;1;48;"1;14;14;12;12";3;hotel ariosto;5;"R;1;2;3;4";96;"1;21;21;19;18";Albergo
VIA ASTOLFO N. 5 (z.d. 3);VIA;ASTOLFO;5;2566;3;23;"4;5";3;hotel vienna;5;"1;2;3;4;5";35;"5;4";Albergo
VIA ASTOLFO N. 6 (z.d. 3);VIA;ASTOLFO;6;2566;3;21;"5;6;6;6";3;hotel lugano;4;"R;1;2;3";31;"8;9;9;9";Albergo
VIA BAMBAIA N. 4 (z.d. 2);VIA;BAMBAIA;4;2278;2;14;"9;6";2;loreto;;"1;2";25;"16;8";Albergo
VIA BARACCHINI FLAVIO N. 12 (z.d. 1);VIA;BARACCHINI FLAVIO;12;356;1;177;0;4;hotel brunelleschi;;;259;0;Albergo
VIA BARTOLOZZI FRANCESCO N. 9 (z.d. 4);VIA;BARTOLOZZI FRANCESCO;9;3267;4;7;7;1;hotel rossovino;;;12;12;Albergo
"VIA BASSI UGO num.001/a ; (z.d. 9)";VIA;BASSI UGO;;1143;9;134;"35;26;30;30;19";4;holiday inn milan garibaldi station;;"1;2;3;4;5";272;"60;48;53;50;26";Albergo
VIA BENEFATTORI DELL'OSPEDALE N. 24 (z.d. 9);VIA;BENEFATTORI DELL'OSPEDALE;24;1522;9;10;"3;4";1;albergo sicilia;;"1;2";19;"5;6";Albergo
"VIA BONNET NINO num.006/b ;";VIA;BONNET NINO;;1109;9;19;"2;4;4;4;2";2;residence bonnet;5;"1;2;5;6;7";45;"10;30;30;30;5";Residence
VIA BORGONUOVO N. 1 (z.d. 1);VIA;BORGONUOVO;1;139;1;16;"4;4;4;3";4;residence borgonuovo;4;"1;2;3;4";32;"7;7;7;8";Residence
VIA BORROMEI N. 4 (z.d. 1);VIA;BORROMEI;4;632;1;28;"16;10";3;vecchia milano;2;"1;2";43;"23;17";Albergo
"VIA BOSCOVICH RUGGERO N. 21 deleg. somministr. zheng ruile; (z.d. 2)";VIA;BOSCOVICH RUGGERO;21;2131;2;35;"5;10;10;10";3;hotel bolzano;4;"T;1;2;3";68;"7;16;16;18";Albergo
VIA BOSCOVICH RUGGERO N. 43 (z.d. 3);VIA;BOSCOVICH RUGGERO;43;2131;3;14;;3;hotel bagliori;;;19;;Albergo
VIA BOSCOVICH RUGGERO N. 59 (z.d. 3);VIA;BOSCOVICH RUGGERO;59;2131;3;51;51;3;hotel serena;;;108;108;Albergo
VIA BREMBO N. 27 (z.d. 5);VIA;BREMBO;27;4219;5;55;;2;;;;99;;Residence
"VIA BRESSANONE num.004/a ; ()";VIA;BRESSANONE;;7425;8;80;18;4;hotel arizona;;"1;2;3;4;5";120;24;Albergo
VIA BRIVIO CESARE N. 33 (z.d. 9);VIA;BRIVIO CESARE;33;1502;9;12;0;2;HOTEL BRIVIO;;;21;0;Albergo
VIA BROGLIO EMILIO N. 28 (z.d. 9);VIA;BROGLIO EMILIO;28;1246;9;7;;2;HOTEL BOVISA;;;9;;Albergo
VIA BROLETTO N. 46 (z.d. 1);VIA;BROLETTO;46;720;1;54;"13;10;10;10;8";3;hotel centro;5;"1;2;3;4;5";94;"24;18;18;18;10";Albergo
VIA BUONARROTI MICHELANGELO N. 13 (z.d. 7);VIA;BUONARROTI MICHELANGELO;13;6253;7;49;"5;10;9;5;5;5;5;5";4;hotel wagner;8;"1;2;3;4;5;6;7;8";93;"9;20;19;9;9;9;9;9";Albergo
VIA BUTTI ENRICO N. 9 (z.d. 9);VIA;BUTTI ENRICO;9;1292;9;110;0;4;hotel milton milano;;;308;0;Albergo
VIA CACCIANINO ANTONIO N. 10 (z.d. 3);VIA;CACCIANINO ANTONIO;10;2419;3;8;8;1;hotel ambra;;;18;18;Albergo
VIA CADIBONA N. 2 (z.d. 4);VIA;CADIBONA;2;3339;4;30;0;3;hotel molise2;;;42;0;Albergo
VIA CALVI PIETRO N. 32 (z.d. 4);VIA;CALVI PIETRO;32;3083;4;40;0;4;hotel vittoria;;;58;0;Albergo
VIA CANONICA LUIGI N. 38 (z.d. 1);VIA;CANONICA LUIGI;38;7121;1;45;"9;9;9;9;9";3;hotel europeo;5;"1;2;3;4;5";70;"21;21;21;21;21";Albergo
VIA CANONICA LUIGI N. 79 (z.d. 8);VIA;CANONICA LUIGI;79;7121;8;12;12;1;pensione aris;1;1;17;17;Albergo
VIA CAPPELLINI ALFREDO N. 18 (z.d. 2);VIA;CAPPELLINI ALFREDO;18;2130;2;81;"16;16;17;17;15";3;hotel delle nazioni;5;"1;2;3;4;5";163;"25;25;27;26;21";Albergo
VIA CARCANO FILIPPO N. 37 (z.d. 7);VIA;CARCANO FILIPPO;37;6389;7;12;;1;hotel   leonardo;;;22;;Albergo
VIA CARCANO FILIPPO N. 39 (z.d. 7);VIA;CARCANO FILIPPO;39;6389;7;11;11;1;hotel amendola fiera;;;23;23;Albergo
VIA CARCANO FILIPPO N. 47 (z.d. 7);VIA;CARCANO FILIPPO;47;6389;7;8;"4;4";1;gianni;2;"R;1";10;"5;5";Albergo
VIA CARDANO GEROLAMO N. 1 (z.d. 9);VIA;CARDANO GEROLAMO;1;1187;9;254;0;4;hotel four points sheraton milan centre;;;465;0;Albergo
VIA CASATI FELICE N. 18 (z.d. 3);VIA;CASATI FELICE;18;2122;3;99;"16;16;16";4;albergo felice casati;;"1;2;3";145;"22;22;22";Albergo
VIA CASELLA GIOVANNI BATTISTA N. 61 (z.d. 8);VIA;CASELLA GIOVANNI BATTISTA;61;7382;8;86;"10;10;10;10;10";4;hotel mirage;;"1;2;3;4;5";132;"16;16;16;16;16";Albergo
VIA CASTALDI PANFILO N. 16 (z.d. 3);VIA;CASTALDI PANFILO;16;2119;3;25;"0;0";3;hotel brianza;;";";36;"0;0";Albergo
VIA CASTALDI PANFILO N. 17 (z.d. 3);VIA;CASTALDI PANFILO;17;2119;3;15;15;2;hotel siena;1;1;25;25;Albergo
VIA CASTALDI PANFILO N. 26 (z.d. 3);VIA;CASTALDI PANFILO;26;2119;3;12;;1;hotel porta venezia;;;20;;Albergo
VIA CASTALDI PANFILO N. 7 (z.d. 2);VIA;CASTALDI PANFILO;7;2119;2;52;13;4;hotel baviera;4;"1;2;3;4";92;"19;18";
VIA CASTELFIDARDO N. 2 (z.d. 1);VIA;CASTELFIDARDO;2;1043;1;11;;2;antica locanda solferino;;;21;;Albergo
VIA CATALANI ALFREDO N. 69 (z.d. 3);VIA;CATALANI ALFREDO;69;2425;3;20;"3;4;4;4;4;1";1;albergo la pace;6;"1;2;3;4;5;6";33;"6;0;0;0;0;2";Albergo
VIA CATALANI ALFREDO N. 71 (z.d. 3);VIA;CATALANI ALFREDO;71;2425;3;20;"4;6;6;1";2;hotel catalani e madrid;4;"R;1;2;3";38;"8;13;13;1";Albergo
"VIA CERVA N. 16 residence cerva; (z.d. 1)";VIA;CERVA;16;314;1;7;;3;residence cerva;;;7;;Residence
VIA CESARI ANTONIO N. 19 (z.d. 9);VIA;CESARI ANTONIO;19;1603;9;89;"18;16;13;3";4;residence siloe;;"1;2;3;4;5;6;7";199;"37;27;29;9";Residence
VIA CESENA N. 20 (z.d. 8);VIA;CESENA;20;7226;8;35;;3;hotel corallo;;;48;;Albergo
VIA CIMAROSA DOMENICO N. 19 (z.d. 7);VIA;CIMAROSA DOMENICO;19;6291;7;23;;3;residence cimarosa;;;27;;Residence
VIA CIMAROSA DOMENICO N. 6 (z.d. 7);VIA;CIMAROSA DOMENICO;6;6291;7;66;;4;hotel capitol millennium;;;111;;Albergo
VIA COLA MONTANO N. 29 (z.d. 9);VIA;COLA MONTANO;29;1139;9;21;0;2;r.t.a. cola montano;;;21;0;Residence
VIA COLOMBO GIUSEPPE N. 14 (z.d. 3);VIA;COLOMBO GIUSEPPE;14;3201;3;10;0;3;sunset city;;;17;0;Albergo
VIA COLONNA VITTORIA N. 48 (z.d. 7);VIA;COLONNA VITTORIA;48;6284;7;13;"1;6;6";3;residence colonna;3;"R;2;3";26;"2;12;12";Residence
VIA CONCA DEL NAVIGLIO N. 20 (z.d. 1);VIA;CONCA DEL NAVIGLIO;20;5180;1;105;0;3;idea hotel milano corso genova;;;199;0;Albergo
"VIA COPERNICO NICOLO' num.018/20 ; (z.d. 2)";VIA;COPERNICO NICOLO';;1204;2;53;"4;12;3";3;hotel club;6;"T;1;2;3;4;5";73;"5;16";Albergo
VIA CORNALIA EMILIO N. 7 (z.d. 9);VIA;CORNALIA EMILIO;7;1182;9;26;"3;9";2;class;3;"1;2;3";52;"6;18";Residence
VIA CORRENTI CESARE N. 13 (z.d. 1);VIA;CORRENTI CESARE;13;555;1;43;;4;hotel regina;;;59;;Albergo
VIA CORTINA D'AMPEZZO N. 17 (z.d. 5);VIA;CORTINA D'AMPEZZO;17;4259;5;13;0;2;hotel alessander;;;23;0;Albergo
VIA CUSANI N. 13 (z.d. 1);VIA;CUSANI;13;719;1;92;0;4;hotel bonaparte;;;234;0;Albergo
VIA CUSTODI PIETRO N. 2 (z.d. 5);VIA;CUSTODI PIETRO;2;5199;5;31;;1;"hotel ""la vignetta""";;;56;;Albergo
VIA DAL POZZO TOSCANELLI PAOLO N. 4 (z.d. 2);VIA;DAL POZZO TOSCANELLI PAOLO;4;2516;2;16;"6;6;4";1;trento;3;"1;2;3";23;"8;9;6";Albergo
VIA DANDOLO ENRICO N. 2 (z.d. 1);VIA;DANDOLO ENRICO;2;3028;1;24;;3;albergo pavone;;;50;;Albergo
VIA DE ALBERTIS SEBASTIANO N. 7 (z.d. 3);VIA;DE ALBERTIS SEBASTIANO;7;3138;4;11;0;2;hotel de albertis;;;18;0;Albergo
VIA DE CRISTOFORIS CARLO N. 6 (z.d. 9);VIA;DE CRISTOFORIS CARLO;6;1120;9;125;"7;19;76;8";4;residence atahotel the big;;"1;2;3;4;5;6;7;8;9;0";245;"16;36";Residence
VIA DEI BOSSI N. 5 (z.d. 1);VIA;DEI BOSSI;5;115;1;30;"9;9;7;5";3;hotel star;4;"1;2;3;4";48;"14;14;13;7";Albergo
VIA DEI FONTANILI N. 26 (z.d. 5);VIA;DEI FONTANILI;26;4224;5;57;57;4;mihotel;;;75;75;Albergo
VIA DEI MISSAGLIA N. 14 (z.d. 5);VIA;DEI MISSAGLIA;14;5340;5;19;;3;hotel giardino;;;24;;Albergo
VIA DELLA GIUSTIZIA N. 10 (z.d. 2);VIA;DELLA GIUSTIZIA;10;1410;2;145;0;4;idea hotel milano bicocca;;;290;0;Albergo
VIA DELLE FORZE ARMATE N. 8 (z.d. 7);VIA;DELLE FORZE ARMATE;8;6643;7;12;0;1;hotel edy;1;;25;0;Albergo
VIA DELL' ORSO N. 7 (z.d. 1);VIA;DELL' ORSO;7;123;1;62;62;4;hotel milano scala;;;115;115;Albergo
VIA DEL MARE N. 93 (z.d. 5);VIA;DEL MARE;93;5318;5;87;0;3;hotel alga;;;159;0;Albergo
VIA DESENZANO N. 12 (z.d. 7);VIA;DESENZANO;12;6610;7;60;"12;9;6";3;residence desenzano;6;"R;1;2;3;4;S";115;"20;24;23;12";Residence
"VIA DI TOCQUEVILLE ALESSIO N. 7 numero civico 7/d; (z.d. 9)";VIA;DI TOCQUEVILLE ALESSIO;7;1703;9;109;0;4;una hotel tocq;;;272;0;Albergo
VIA DOMENICHINO N. 41 (z.d. 7);VIA;DOMENICHINO;41;6383;7;64;"21;11;10;8";3;hotel domenichino;5;"1;2;3;4;5;6";110;"29;16;15;12";Albergo
VIA DOMODOSSOLA N. 16 (z.d. 8);VIA;DOMODOSSOLA;16;7152;8;60;"10;10;10;10;10;10";4;hotel admiral;6;"1;2;3;4;5;6";102;"17;17;17;17;17;17";Albergo
"VIA DONATELLO num.010/12 ; (z.d. 3)";VIA;DONATELLO;;2214;3;10;"4;6";4;residence donatello;2;"T;1";20;"12;16";Residence
VIA EDOLO N. 18 (z.d. 2);VIA;EDOLO;18;1217;2;17;;1;BIO CITY HOTEL;;;32;;Albergo
"VIA FARINI CARLO num.001/a ; (z.d. 8)";;;;;;31;"7;8;8;8";3;hotel san guido;4;"1;2;3;4";47;"11;12;12;12";Albergo
VIA FATEBENEFRATELLI N. 21 (z.d. 1);VIA;FATEBENEFRATELLI;21;144;1;121;"35;0;21;15";4;hotel cavour;5;"1;2;3;4;5";224;"55;0;39;38;36;24";Albergo
VIA FAUCHE' GIOVANNI BATTISTA N. 15 (z.d. 8);VIA;FAUCHE' GIOVANNI BATTISTA;15;7192;8;153;0;4;una hotel scandinavia;;;292;0;Albergo
VIA FELTRE N. 19 n. civico 19/b (z.d. 3);VIA;FELTRE;19;2652;3;38;;4;;;;70;;Albergo
VIA FERRUCCI FRANCESCO N. 10 (z.d. 8);VIA;FERRUCCI FRANCESCO;10;7150;8;71;"11;12;12;12;12;8;8;7";3;hotel scala nord;8;"R;1;2;3;4;5;6;7";95;"16;17;17;17;17;10;10;10";Albergo
VIA FILZI FABIO N. 3 (z.d. 2);VIA;FILZI FABIO;3;1190;2;67;"5;29;10;10;10;4";4;hotel marconi;6;"T;1;2;3;4;5";98;"6;42;15;15;15;4";Albergo
VIA FILZI FABIO N. 43 (z.d. 2);VIA;FILZI FABIO;43;1190;2;71;"7;13;13;13;13;13;11";3;nuovo monopole;;"1;2;3;4;5;6;7";125;"11;17;17;17;17;17;16";Albergo
"VIA FILZI FABIO num.025/a ; (z.d. 2)";VIA;FILZI FABIO;;1190;2;144;"4;9;9;9;9;9;9;9;9;9";4;una hotel century;17;"1;2;3;4;5;6;7;8;9;0";288;"10;23;23;23;23;23;23;23;23;23";Albergo
VIA FINOCCHIARO APRILE N. 11 (z.d. 2);VIA;FINOCCHIARO APRILE;11;2120;2;49;"13;13;13";3;albergo sempione;;"1;2;3";101;"19;19;19";Albergo
VIA FINOCCHIARO APRILE N. 2 (z.d. 2);VIA;FINOCCHIARO APRILE;2;2120;2;439;0;3;hotel ibis milano centro;;;636;0;Albergo
VIA F.LLI GABBA N. 7 (z.d. 1);VIA;F.LLI GABBA;7;146;1;59;0;;bulgari hotels  E  resorts milano;;;118;0;Albergo
VIA FLUMENDOSA N. 35 (z.d. 2);VIA;FLUMENDOSA;35;2522;2;43;"7;9";3;hotel agape;5;"T;1;2;3;4";75;"13;16";Albergo
VIA FORCELLA VINCENZO N. 6 (z.d. 6);VIA;FORCELLA VINCENZO;6;5127;6;28;;;MAGNA PARS SUITES MILANO;;;60;;Albergo
VIA FRA' GALGARIO N. 4 (z.d. 7);VIA;FRA' GALGARIO;4;6607;7;10;;1;hotel emmy;;;20;;Albergo
VIA FRA' GALGARIO N. 4 (z.d. 7);VIA;FRA' GALGARIO;4;6607;7;12;0;1;hotel gambara;1;;24;0;Albergo
VIA FRASSINETTI ROMEO N. 2 (z.d. 7);VIA;FRASSINETTI ROMEO;2;6563;7;25;0;4;residence osoppo;;;77;0;Residence
VIA FUMAGALLI ANGELO CARLO N. 4 (z.d. 6);VIA;FUMAGALLI ANGELO CARLO;4;5149;6;103;"24;16;15";4;art hotel navigli;5;"1;2;3;4;5";205;"48;31;30";Albergo
VIA GAFFURIO FRANCHINO N. 1 (z.d. 3);VIA;GAFFURIO FRANCHINO;1;2138;3;19;;1;calipso;;;32;;Albergo
VIA GAGGIA PIETRO N. 3 (z.d. 4);VIA;GAGGIA PIETRO;3;4187;4;259;;4;starhotels business palace;;;468;;Albergo
VIA GALILEI GALILEO N. 2 (z.d. 2);VIA;GALILEI GALILEO;2;1102;2;103;"18;18;18;18;18;27;17";4;hotel windsor;;"1;2;3;4;5;8;7";196;"27;27;27;27;27;18;27";Albergo
VIA GALLARATE N. 2 (z.d. 8);VIA;GALLARATE;2;7420;8;17;0;2;hotel bel sit;;;25;0;Albergo
VIA GALLINA GIACINTO N. 12 (z.d. 3);VIA;GALLINA GIACINTO;12;3105;3;54;;4;zefiro;5;;92;;Albergo
VIA GALLI RICCARDO N. 8 (z.d. 8);VIA;GALLI RICCARDO;8;6405;8;27;"7;;6;";3;HOTEL LIDO;4;"R;1;M;2";36;"10;;6;";Albergo
VIA GALVANI LUIGI N. 12 (z.d. 2);VIA;GALVANI LUIGI;12;1179;2;320;"46;67;68;47;51;23;20;10";4;hilton milan;8;"2;3;4;5;6;7;8;9";469;"61;88;87;63;66;44;35;17";Albergo
VIA GASPAROTTO LEOPOLDO N. 8 (z.d. 2);VIA;GASPAROTTO LEOPOLDO;8;1205;2;97;"25;28;9;10;0;26";4;hotel madison;;"2;1;R;4;;3";150;"34;38;25;20;0;33";Albergo
VIA GESU' N. 10 (z.d. 1);VIA;GESU';10;227;1;118;"18;35;34;11";5;four season hotel milan;4;"T;1;2;3";240;"36;70;68;22";Albergo
VIA GHIBERTI LORENZO N. 1 (z.d. 7);VIA;GHIBERTI LORENZO;1;6542;7;16;;3;residence portello;;;32;;Residence
VIA GIAMBELLINO N. 9 (z.d. 6);VIA;GIAMBELLINO;9;5136;6;9;9;2;residence giambellino di laura fiamberti;;;18;18;Residence
VIA GIOIA MELCHIORRE N. 6 (z.d. 9);VIA;GIOIA MELCHIORRE;6;1108;9;99;0;4;grand hotel verdi;;;198;0;Albergo
VIA GIOIA MELCHIORRE N. 73 (z.d. 2);VIA;GIOIA MELCHIORRE;73;1108;2;109;0;4;crowne plaza milan city;;;218;0;Albergo
VIA GIULINI GIORGIO N. 6 (z.d. 1);VIA;GIULINI GIORGIO;6;613;1;10;0;4;camperio house hotel  E  residence;;;20;0;Residence
VIA GIUSTI GIUSEPPE N. 6 (z.d. 1);VIA;GIUSTI GIUSEPPE;6;7127;1;72;"6;20;20;22;22;18;18;6";3;giusti 6;7;"R;1;2;3;4;5;6;7";169;"13;48;48;54;54;48;48;6";Residence
"VIA GOLDONI CARLO N. 31 iniziale; (z.d. 6)";VIA;GOLDONI CARLO;31;3183;3;18;0;4;hotel town house 31;;;32;0;Albergo
VIA GOLDONI CARLO N. 31 (z.d. 6);VIA;GOLDONI CARLO;31;3183;3;18;"3;6;6;3";1;jolie;4;"T;1;2;3";28;"4;9;9;6";Albergo
"VIA GOLDONI CARLO N. 84 3 e 4 piano; (z.d. 6)";VIA;GOLDONI CARLO;84;3183;3;14;0;3;royal;;;25;0;Albergo
"VIA GOLDONI CARLO N. 84 via goldoni 84 2^ piano; (z.d. 3)";VIA;GOLDONI CARLO;84;3183;3;10;10;2;hotel marlene;;;17;17;Albergo
"VIA GROSSI TOMMASO N. 1 licenza rilasciata dallo suap; (z.d. 1)";VIA;GROSSI TOMMASO;1;105;1;106;0;5;park hyatt milano;;;212;0;Albergo
VIA HAJECH CAMILLO N. 18 (z.d. 4);VIA;HAJECH CAMILLO;18;3091;4;11;0;2;la caravella;;;16;0;
VIA HOEPLI ULRICO N. 6 (z.d. 1);VIA;HOEPLI ULRICO;6;190;1;109;;4;hotel de la ville;;;208;;Albergo
VIA INGEGNOLI FRANCESCO N. 20 (z.d. 3);VIA;INGEGNOLI FRANCESCO;20;2559;3;16;0;1;hotel adelchi lambrate;;;25;0;Albergo
VIA IPPODROMO N. 8 (z.d. 8);VIA;IPPODROMO;8;6492;8;116;;2;;;;232;;Residence
VIA JACOPO DELLA QUERCIA N. 6 (z.d. 7);VIA;JACOPO DELLA QUERCIA;6;6541;7;14;"3;3;3;1";2;le quercie;4;"R;1;2;M";24;"4;5;4;3";Albergo
VIA JOMMELLI NICCOLO' N. 49 (z.d. 3);VIA;JOMMELLI NICCOLO';49;2426;3;10;;1;hotel venezia;;;17;;Albergo
VIA LAMBRATE N. 9 (z.d. 3);VIA;LAMBRATE;9;2421;3;67;"3;2;8;9;9;9;7;6;10;4";3;pian della nave;9;"T;R;1;2;3;4;5;6;7;8";200;"8;6;24;27;27;27;21;18;30;12";Residence
VIA LAMPEDUSA N. 11 (z.d. 5);VIA;LAMPEDUSA;11;5329;5;328;;4;atahotel quark;;;736;;Albergo
"VIA LAMPEDUSA num.011/a ; (z.d. 5)";;;;;;106;"17;4";4;quark due;7;"1;2;3;4;5;6;7";229;"36;13";Residence
VIA LARIO N. 40 (z.d. 9);VIA;LARIO;40;1171;9;7;0;1;albergo lario;;;17;0;Albergo
VIA LAZZARETTO N. 10 (z.d. 3);VIA;LAZZARETTO;10;2112;3;11;11;1;merano;1;1;25;25;Albergo
VIA LAZZARETTO N. 17 (z.d. 2);VIA;LAZZARETTO;17;2112;2;9;;1;pensione eva;2;;20;;Albergo
VIA LAZZARETTO N. 17 (z.d. 2);VIA;LAZZARETTO;17;2112;2;10;9;1;arno;1;4;16;14;Albergo
"VIA LAZZARETTO N. 5 angolo finocchiaro aprile; (z.d. 2)";VIA;LAZZARETTO;5;2112;2;103;0;4;nh machiavelli;;;203;0;Albergo
VIA LENTASIO N. 3 (z.d. 1);VIA;LENTASIO;3;410;1;64;"18;18;14;10;3";4;ascot;5;"1;2;3;4;5";99;"24;24;22;17;6";Albergo
VIA LEPETIT ROBERTO N. 15 (z.d. 2);VIA;LEPETIT ROBERTO;15;2096;2;48;"3;9;9;9;9;9";4;colombia;6;"R;1;2;3;4;5";81;"4;16;16;16;15;14";Albergo
VIA LEPETIT ROBERTO N. 33 (z.d. 2);VIA;LEPETIT ROBERTO;33;2096;2;57;"12;12;11;10;8";3;florida;5;"1;2;3;4;5";98;"20;20;20;18;16";Albergo
VIA LEPETIT ROBERTO N. 7 (z.d. 2);VIA;LEPETIT ROBERTO;7;2096;2;25;"6;7;7;5";1;boston;4;"1;2;3;4";41;"9;10;11;5";Albergo
VIA LEPONTINA N. 8 (z.d. 9);VIA;LEPONTINA;8;1147;9;60;"25;20;15";3;mirage tre;3;"1;2;3";82;"36;31;15";Residence
VIA LIPPI FILIPPINO N. 28 (z.d. 3);VIA;LIPPI FILIPPINO;28;2196;3;22;;2;hotel gran sasso;;;39;;Albergo
VIA LIPPI FILIPPINO N. 43 (z.d. 3);VIA;LIPPI FILIPPINO;43;2196;3;7;"2;3;2";1;ischia;3;"1;2;3";12;"4;5;3";Albergo
VIA LIPPI FILIPPINO N. 50 (z.d. 3);VIA;LIPPI FILIPPINO;50;2196;3;10;"2;3";2;hotel trentina;3;"T;1;2";20;"4;2";Albergo
VIA LODOVICO IL MORO N. 117 (z.d. 6);VIA;LODOVICO IL MORO;117;5290;6;51;0;4;hotel cà bianca corte del naviglio;;;102;0;Albergo
"VIA LOMBARDI RICCARDO N. 11 annessa dipendenza 3 stelle; (z.d. 7)";VIA;LOMBARDI RICCARDO;11;6893;7;75;0;4;hotel silver;;;150;0;Albergo
"VIA LORENTEGGIO num.278 ;";;;;;;128;;4;IDEA HOTEL MILANO LORENTEGGIO;;;242;;Albergo
VIA LUDOVICO DI BREME N. 77 (z.d. 8);VIA;LUDOVICO DI BREME;77;7396;8;240;0;4;double tree by hilton milan;;;480;0;Albergo
VIA LULLI GIOVANNI N. 11 (z.d. 3);VIA;LULLI GIOVANNI;11;2253;3;22;;1;hotel loris;;;25;;Albergo
VIA LULLI GIOVANNI N. 18 (z.d. 3);VIA;LULLI GIOVANNI;18;2253;3;9;0;1;hotel new milano;3;;16;0;Albergo
VIA LULLI GIOVANNI N. 22 (z.d. 3);VIA;LULLI GIOVANNI;22;2253;3;11;"0;0";2;astrid;;";";23;"0;0";Albergo
VIA LULLI GIOVANNI N. 4 (z.d. 3);VIA;LULLI GIOVANNI;4;2253;3;9;;1;hotel viola;;;14;;Albergo
VIA MACCHI MAURO N. 1 (z.d. 2);VIA;MACCHI MAURO;1;2133;2;52;"13;13;13;13";4;hotel mediolanum;4;"1;2;3;4";93;"25;25;25;23";Albergo
VIA MACCHI MAURO N. 49 (z.d. 2);VIA;MACCHI MAURO;49;2133;2;22;"2;4;4;4;4;4";4;r.t.a. le gare;6;"T;1;2;3;4;5";67;"7;12;12;12;12;12";Albergo
VIA MACCHI MAURO N. 79 (z.d. 2);VIA;MACCHI MAURO;79;2133;2;31;31;4;residenza delle citta;;;93;93;Residence
"VIA MAC MAHON num.045/a ; (z.d. 8)";VIA;MAC MAHON;;7221;8;24;;2;hotel mac mahon;;;44;;Albergo
VIA MANIN DANIELE N. 7 (z.d. 1);VIA;MANIN DANIELE;7;1052;1;119;"16;17;17;17;18;16;18";4;hotel manin;7;"1;2;3;4;5;6;7";183;"23;26;25;25;26;28;30";Albergo
VIA MANZONI ALESSANDRO N. 29 (z.d. 1);VIA;MANZONI ALESSANDRO;29;230;1;102;"20;22;26;12";5 STELLE LUSSO;grand hotel et de milan;5;"1;2;3;4;5";158;"31;33;32;38;24";Albergo
VIA MANZONI ALESSANDRO N. 31 (z.d. 1);VIA;MANZONI ALESSANDRO;31;230;1;95;;5 STELLE LUSSO;ARMANI HOTEL MILANO;;;190;;Albergo
VIA MARCELLO BENEDETTO N. 47 (z.d. 3);VIA;MARCELLO BENEDETTO;47;2128;3;10;0;2;hotel due giardini;;;21;0;Albergo
VIA MARCELLO BENEDETTO N. 59 (z.d. 3);VIA;MARCELLO BENEDETTO;59;2128;3;16;"1;6;6;5";2;hotel rallye;4;"T;1;2;3";25;"2;9;9;5";Albergo
VIA MARCELLO BENEDETTO N. 83 (z.d. 3);VIA;MARCELLO BENEDETTO;83;2128;3;28;"3;8;8";2;hotel the best;3;"T;1;2";56;"6;10;9";Albergo
VIA MARCO D'AGRATE N. 35 (z.d. 5);VIA;MARCO D'AGRATE;35;4276;5;52;"4;8;8;8;8;8;8";3;hotel rex;7;"R;1;2;3;4;5;6";104;"8;16;16;16;16;16;16";Albergo
VIA MARCO POLO N. 13 (z.d. 9);VIA;MARCO POLO;13;1103;9;27;0;2;hotel trieste;;;62;0;Albergo
VIA MARGHERA N. 14 (z.d. 7);VIA;MARGHERA;14;6280;7;20;20;2;pensione fiorella;1;1;35;35;Albergo
VIA MARGHERA N. 2 (z.d. 7);VIA;MARGHERA;2;6280;7;50;"16;6;12";3;hotel nuovo marghera;4;"1;3;2";76;"29;12;22";Albergo
VIA MASACCIO N. 19 (z.d. 8);VIA;MASACCIO;19;6420;8;288;0;5;melia  milano;;;487;0;Albergo
VIA MAZZINI GIUSEPPE N. 10 (z.d. 1);VIA;MAZZINI GIUSEPPE;10;516;1;14;;3;HOTEL LA MADONNINA;;;25;;Albergo
VIA MAZZINI GIUSEPPE N. 4 (z.d. 1);VIA;MAZZINI GIUSEPPE;4;516;1;38;;4;hotel sir edward;;;70;;Albergo
VIA MAZZINI GIUSEPPE N. 8 (z.d. 1);VIA;MAZZINI GIUSEPPE;8;516;1;42;"8;7;7;7;7;7";3;rio;6;"1;2;3;4;5;6";61;"10;11;11;11;11;7";Albergo
VIA MECENATE N. 121 (z.d. 4);VIA;MECENATE;121;3323;4;208;;4;novotel milano linate aeroporto;;;416;;Albergo
VIA MELLONI MACEDONIO N. 17 (z.d. 4);VIA;MELLONI MACEDONIO;17;3085;4;16;;3;residencemignoncase tre;;;26;;Residence
VIA MERCATO N. 1 (z.d. 1);VIA;MERCATO;1;717;1;14;"5;7";1;STYLE HOTEL;2;"1;2";25;"8;12";Albergo
VIA MESSINA N. 10 (z.d. 8);VIA;MESSINA;10;7211;8;131;0;4;hotel hermitage;;;262;0;Albergo
VIA MODENA GUSTAVO N. 20 (z.d. 3);VIA;MODENA GUSTAVO;20;3122;3;17;0;1;brasil;;;25;0;Albergo
VIA MODENA GUSTAVO N. 4 (z.d. 3);VIA;MODENA GUSTAVO;4;3122;3;37;"1;7;7;7;7;4;4";4;residence international;7;"T;1;2;3;4;5;6";59;"1;11;11;11;11;7;7";Residence
"VIA MOLINO DELLE ARMI N. 1 attivita' promiscua rta e albe; (z.d. 1)";VIA;MOLINO DELLE ARMI;1;591;1;17;0;4;petit palais;;;23;0;Residence
"VIA MONETA num.001/a ; (z.d. 1)";VIA;MONETA;;570;1;33;;3;gran duca di york;;;60;;Albergo
VIA MONTE ROSA N. 90 (z.d. 8);VIA;MONTE ROSA;90;6388;8;44;"10;17";4;montebianco;3;"T;1;2";79;"16;25";Albergo
VIA MONTESSORI MARIA N. 14 (z.d. 4);VIA;MONTESSORI MARIA;14;3361;4;56;"10;9;9;9;9;9";4;residence futura;6;"1;2;3;4;5;6";133;"24;22;22;21;21;20";Residence
VIA MORIGI N. 2 (z.d. 1);VIA;MORIGI;2;633;1;32;"7;7;6;6;6;6";4;hotel mentana;6;"1;2;3;4;5;6";48;"10;10;10;9;9;9";Albergo
VIA MURAT GIOACCHINO N. 21 (z.d. 9);VIA;MURAT GIOACCHINO;21;1316;9;133;";;;;";4;contessa jolanda- attività promiscua 133 appartamenti (266 posti letto) e 9 camere albergo per 18 posti letto per un totale di 284 posti letto;8;"4;5;3;7;2";266;";;;;";Residence
VIA MURATORI LODOVICO N. 14 (z.d. 4);VIA;MURATORI LODOVICO;14;4076;4;93;0;4;una hotel mediterraneo;;;206;0;Albergo
VIA MURATORI LODOVICO N. 5 (z.d. 4);VIA;MURATORI LODOVICO;5;4076;4;24;"7;7;7;3";3;residence l m5;4;"1;2;3;4";48;"14;14;14;6";Residence
VIA NICOTERA GIOVANNI N. 9 (z.d. 9);VIA;NICOTERA GIOVANNI;9;1508;9;41;41;4;acca palace;;;82;82;Residence
VIA NOVARA N. 371 (z.d. 7);VIA;NOVARA;371;6624;7;18;0;2;hotel san siro fiera;;;33;0;Albergo
VIA OLGETTINA N. 60 (z.d. 3);VIA;OLGETTINA;60;2530;3;216;216;3;hotel rafael;;;439;439;albergo
VIA ORNATO LUIGI N. 64 (z.d. 9);VIA;ORNATO LUIGI;64;1591;9;144;"93;51";3;centro alberghiero ornato;2;"1;2";252;"141;80";Albergo
VIA ORSEOLO PIETRO N. 1 (z.d. 6);VIA;ORSEOLO PIETRO;1;5113;6;59;;4;;;;101;;Albergo
VIA ORSEOLO PIETRO N. 1 (z.d. 6);VIA;ORSEOLO PIETRO;1;5113;6;59;;4;MERCURE HOTEL;;;101;;
VIA OSIMO AUGUSTO N. 10 (z.d. 4);VIA;OSIMO AUGUSTO;10;4303;4;64;0;4;corvetto residence porto di mare;;;200;0;Residence
VIA OZANAM FEDERICO N. 12 (z.d. 3);VIA;OZANAM FEDERICO;12;2143;3;40;"3;8;7;6";3;hotel napoleon;6;"T;1;2;3;4;5";68;"5;13;12;11";Albergo
VIA PAGANINI NICCOLO' N. 6 (z.d. 3);VIA;PAGANINI NICCOLO';6;2238;3;8;;1;hotel paganini;;;23;;Albergo
VIA PAGANINI NICCOLO' N. 7 (z.d. 3);VIA;PAGANINI NICCOLO';7;2238;3;18;;3;HOTEL DORE';;;39;;Albergo
VIA PALADINI ETTORE N. 7 (z.d. 3);VIA;PALADINI ETTORE;7;3236;3;63;"8;7;4";3;residence bianca croce;9;"R;1;2;3;4;5;6;7;8";115;"14;13;5";Residence
VIA PALAZZI LAZZARO N. 18 (z.d. 3);VIA;PALAZZI LAZZARO;18;2171;3;79;"3;15;15;15;11;4;0";4;hotel sanpi;6;"T;1;2;3;4;5;";160;"6;26;26;26;25;10;0";Albergo
VIA PALLADIO ANDREA N. 8 (z.d. 5);VIA;PALLADIO ANDREA;8;4213;5;48;"7;2;10;5;11;4";1;albergo palladio;7;"T;1;2;3;4;5;6";82;"11;3;18;10;4";Albergo
VIA PALMANOVA N. 153 (z.d. 2);VIA;PALMANOVA;153;2390;2;59;;;HOTEL ADAM;;;99;;Albergo
VIA PALMIERI NICOLA N. 64 (z.d. 5);VIA;PALMIERI NICOLA;64;5323;5;23;23;3;hotel autosole 2;;;46;46;Albergo
"VIA PANIZZA BARTOLOMEO N. 5 2^  e 4° piano; (z.d. 7)";VIA;PANIZZA BARTOLOMEO;5;6208;7;16;0;3;hotel panizza;;;32;0;Albergo
VIA PANTANO N. 8 (z.d. 1);VIA;PANTANO;8;334;1;38;0;4;residence vip s;;;99;0;Residence
VIA PAPI LAZZARO N. 18 (z.d. 4);VIA;PAPI LAZZARO;18;4071;4;36;"2;3;10;10;10";3;hotel di porta romana;5;"1;3;4;5;6";67;"3;5;14;14;14";Albergo
VIA PECCHIO GIUSEPPE N. 2 (z.d. 3);VIA;PECCHIO GIUSEPPE;2;2240;3;26;0;4;hotel del corso;;;45;0;Albergo
VIA PELLIZZONE ANDREA N. 12 (z.d. 3);VIA;PELLIZZONE ANDREA;12;3314;3;34;"4;6;12;6;6";3;majorca;5;"T;1;2;3;4";53;"9;10;18;10;6";Albergo
VIA PERUGINO N. 12 (z.d. 4);VIA;PERUGINO;12;3198;4;32;"5;6;6;6";3;hotel perugino;4;"1;2;3;4";54;"7;7;10;10";Albergo
VIA PESTALOZZA ALESSANDRO N. 28 (z.d. 3);VIA;PESTALOZZA ALESSANDRO;28;2248;3;13;"2;4;4;3";2;hotel piola;4;"T;1;2;3";25;"3;8;8;6";Albergo
VIA PIACENZA N. 4 (z.d. 5);VIA;PIACENZA;4;4064;5;24;"3;21";3;hotel piacenza;2;"R;1";34;"4;30";Albergo
VIA PICCINNI NICOLA N. 25 (z.d. 3);VIA;PICCINNI NICOLA;25;2236;3;11;11;1;hotel san marco;1;;24;24;Albergo
"VIA PIERLUIGI GIOVANNI DA PALESTRINA num.030 ; (z.d. 2)";;;;;;45;"20;19;6";2;hotel virgilio;3;"5;6;7";63;"32;25;6";Albergo
VIA PIERO DELLA FRANCESCA N. 39 (z.d. 8);VIA;PIERO DELLA FRANCESCA;39;7188;8;24;7;3;hotel losanna;;2;47;10;Albergo
VIA PIERO DELLA FRANCESCA N. 48 (z.d. 8);VIA;PIERO DELLA FRANCESCA;48;7188;8;25;"5;8;8;4";2;hotel parma;4;"R;1;2;3";40;"6;22;22;4";Albergo
VIA PIERO DELLA FRANCESCA N. 60 (z.d. 8);VIA;PIERO DELLA FRANCESCA;60;7188;8;31;0;3;piccolo hotel;;;53;0;Albergo
"VIA PIERO DELLA FRANCESCA num.004/7 ; (z.d. 8)";;;;;;10;0;2;locanda gelsomina;1;;25;0;Albergo
VIA PIRELLI GIOVANNI BATTISTA N. 5 (z.d. 2);VIA;PIRELLI GIOVANNI BATTISTA;5;1195;2;10;0;2;hotel stazione;;;23;0;Albergo
VIA PIRELLI GIOVANNI BATTISTA N. 5 (z.d. 2);VIA;PIRELLI GIOVANNI BATTISTA;5;1195;2;69;"10;16;16;16;13";3;hotel new york;5;"2;3;4;5;6";132;"15;29;29;29;16";Albergo
VIA PIRELLI GIOVANNI BATTISTA N. 7 (z.d. 2);VIA;PIRELLI GIOVANNI BATTISTA;7;1195;2;52;0;4;auriga;;;91;0;Albergo
VIA PLINIO CAIO SECONDO N. 22 (z.d. 3);VIA;PLINIO CAIO SECONDO;22;2144;3;14;;1;ambrosiana;;;22;;Albergo
VIA PLINIO CAIO SECONDO N. 22 (z.d. 3);VIA;PLINIO CAIO SECONDO;22;2144;3;16;0;1;ambrosiana;;;22;0;Albergo
VIA PLINIO CAIO SECONDO N. 2 (z.d. 3);VIA;PLINIO CAIO SECONDO;2;2144;3;43;"7;7;7;11;4";3;hotel demidoff;5;"1;2;3;4;5";65;"10;10;10;16;4";Albergo
VIA POERIO CARLO N. 32 (z.d. 3);VIA;POERIO CARLO;32;3181;3;13;"2;5;5;2";1;albergo poerio;4;"T;1;2;3";20;"4;7;7;2";Albergo
VIA POLA N. 4 (z.d. 2);VIA;POLA;4;1156;2;39;;4;residence pola;;;52;;Residence
VIA POLIZIANO N. 11 (z.d. 8);VIA;POLIZIANO;11;7196;8;100;"16;16;16;16;11;11;7;7";4;hotel poliziano fiera;8;"1;2;3;4;5;6;7;8";204;"32;32;32;32;22;22;16;16";Albergo
VIA POLONIA N. 10 (z.d. 8);VIA;POLONIA;10;7505;8;162;162;4;the hub;;;306;306;Albergo
"VIA POMPONAZZI PIETRO N. 3 rta due stelle-appartam 7-14pl; (z.d. 5)";VIA;POMPONAZZI PIETRO;3;5246;5;7;7;3;residenza chiaralba;;;14;14;Residence
VIA PONTE SEVESO N. 38 (z.d. 2);VIA;PONTE SEVESO;38;1203;2;47;0;3;hotel terminal;;;95;0;Albergo
VIA PORLEZZA N. 4 (z.d. 1);VIA;PORLEZZA;4;611;1;36;0;3;hotel genius down town;;;60;0;Albergo
VIA PORPORA NICOLA ANTONIO N. 132 (z.d. 3);VIA;PORPORA NICOLA ANTONIO;132;2229;3;7;7;1;hotela alba;;;12;12;Albergo
VIA PORPORA NICOLA ANTONIO N. 143 (z.d. 3);VIA;PORPORA NICOLA ANTONIO;143;2229;3;10;0;1;hotel chopin;;;21;0;Albergo
VIA PORPORA NICOLA ANTONIO N. 16 (z.d. 3);VIA;PORPORA NICOLA ANTONIO;16;2229;3;10;"3;4";1;paola;3;"R;1;2";24;"4;7";Albergo
VIA PORPORA NICOLA ANTONIO N. 170 (z.d. 3);VIA;PORPORA NICOLA ANTONIO;170;2229;3;11;"1;4";2;albergo iride;3;"T;1;2";19;"2;7";Albergo
VIA PORPORA NICOLA ANTONIO N. 18 (z.d. 3);VIA;PORPORA NICOLA ANTONIO;18;2229;3;11;"3;4;4";2;hotel nizza;3;"R;1;2";23;"4;7;6";Albergo
VIA PORPORA NICOLA ANTONIO N. 52 (z.d. 3);VIA;PORPORA NICOLA ANTONIO;52;2229;3;10;"3;3;2";1;pensione oriente;3;"T;1;2";19;"6;6;3";Albergo
VIA PORPORA NICOLA ANTONIO N. 56 (z.d. 3);VIA;PORPORA NICOLA ANTONIO;56;2229;3;18;"4;6;2";3;hotel etrusco;4;"R;1;2;3";21;"4;7;3";
VIA PORPORA NICOLA ANTONIO N. 87 (z.d. 3);VIA;PORPORA NICOLA ANTONIO;87;2229;3;18;;1;hotel ca  grande;;;21;;Albergo
VIA PORRO EDOARDO N. 8 (z.d. 9);VIA;PORRO EDOARDO;8;1226;9;13;13;3;hotel ares;;;21;21;Albergo
VIA PRATI GIOVANNI N. 6 (z.d. 8);VIA;PRATI GIOVANNI;6;7149;8;31;"1;10;10;10";3;hotel johnny;4;"T;1;2;3";69;"2;16;36;36";Albergo
VIA PRINCIPE EUGENIO N. 45 (z.d. 8);VIA;PRINCIPE EUGENIO;45;7223;8;10;;2;mary hotel fiera;;;25;;Albergo
VIA QUARNERO N. 4 (z.d. 7);VIA;QUARNERO;4;6263;7;11;"1;5;5";1;amalfi;3;"R;1;2";24;"3;8;9";Albergo
VIA RANCATI ILARIONE N. 3 (z.d. 2);VIA;RANCATI ILARIONE;3;2321;2;45;"9;9;9;9;9";3;residence loreto;5;"1;2;3;4;5";80;"16;16;16;16;16";Residence
VIA REINA FRANCESCO N. 18 (z.d. 4);VIA;REINA FRANCESCO;18;3255;4;11;11;1;san giovanni;;;20;20;Albergo
VIA RENZO E LUCIA N. 14 (z.d. 5);VIA;RENZO E LUCIA;14;5412;5;53;;3;hotel dei fiori;3;;108;;Albergo
VIA RICORDI GIOVANNI N. 10 (z.d. 3);VIA;RICORDI GIOVANNI;10;2251;3;23;;;HOTEL ADLER;;;47;;Albergo
VIA RICORDI GIOVANNI N. 10 (z.d. 3);VIA;RICORDI GIOVANNI;10;2251;3;23;"4;8;4;4;3";3;hotel adler;5;"T;1;2;3;4";43;"8;13;5;5;4";Albergo
VIA RICORDI GIOVANNI N. 14 (z.d. 3);VIA;RICORDI GIOVANNI;14;2251;3;9;;1;pensione cuba;;;14;;Albergo
VIA RICORDI GIOVANNI N. 20 (z.d. 3);VIA;RICORDI GIOVANNI;20;2251;3;15;"3;4;4;4";1;hotel malta;4;"R;1;2;3";24;"6;6;6;6";Albergo
VIA RIPAMONTI GIUSEPPE N. 102 (z.d. 5);VIA;RIPAMONTI GIUSEPPE;102;4066;5;18;0;2;apollo;;;40;0;Albergo
VIA RIPAMONTI GIUSEPPE N. 134 (z.d. 5);VIA;RIPAMONTI GIUSEPPE;134;4066;5;28;;2;hotel liguria;;;51;;Albergo
VIA ROSSI PELLEGRINO N. 59 (z.d. 9);VIA;ROSSI PELLEGRINO;59;1510;9;21;0;1;hotel salus;;;36;0;Albergo
VIA ROVELLO N. 10 (z.d. 1);VIA;ROVELLO;10;722;1;24;0;3;hotel giulio cesare;;;34;0;Albergo
VIA ROVELLO N. 3 (z.d. 1);VIA;ROVELLO;3;722;1;29;"10;10;9";2;hotel london;3;"1;2;3";49;"12;12;9";Albergo
VIA RUBENS PIETRO N. 21 (z.d. 7);VIA;RUBENS PIETRO;21;6597;7;87;"19;11";4;hotel rubens;5;"1;2;3;4;5";150;"29;25";Albergo
VIA RUTILIA N. 6 (z.d. 5);VIA;RUTILIA;6;4229;5;23;"9;14";2;hotel garden;2;"R;1";48;"13;27";Albergo
VIA SACCHINI ANTONIO GASPARE N. 17 (z.d. 3);VIA;SACCHINI ANTONIO GASPARE;17;2252;3;18;"3;7;6";2;sara;3;"T;1;2";36;"3;12;10";Albergo
VIA SACCHINI ANTONIO GASPARE N. 19 (z.d. 3);VIA;SACCHINI ANTONIO GASPARE;19;2252;3;10;"1;5;4";1;villa mira;3;"T;1;2";18;"2;8;8";Albergo
VIA SALDINI CESARE N. 24 (z.d. 3);VIA;SALDINI CESARE;24;3206;3;45;;3;hotel citta  studi;;;79;;Albergo
"VIA SAMMARTINI GIOVANNI BATTISTA N. 15 1ø piano; (z.d. 2)";VIA;SAMMARTINI GIOVANNI BATTISTA;15;1202;2;17;17;1;hotel central station;1;1;25;25;Albergo
VIA SAMMARTINI GIOVANNI BATTISTA N. 15 (z.d. 2);VIA;SAMMARTINI GIOVANNI BATTISTA;15;1202;2;18;0;2;hotel ada;1;;25;0;Albergo
VIA SANGIORGIO ABBONDIO N. 16 (z.d. 1);VIA;SANGIORGIO ABBONDIO;16;7138;1;30;0;3;hotel lancaster;;;65;0;Albergo
VIA SAN MAMETE N. 12 (z.d. 2);VIA;SAN MAMETE;12;2413;2;13;13;1;hotel convertini;1;1;28;28;Albergo
VIA SAN RAFFAELE N. 3 (z.d. 1);VIA;SAN RAFFAELE;3;207;1;64;0;4;straf;;;118;0;Albergo
"VIA SAN RAFFAELE N. 6 via san raffaele 7/9; (z.d. 1)";VIA;SAN RAFFAELE;6;207;1;21;0;5;the gray;;;32;0;Albergo
VIA SANTA MARIA FULCORINA N. 15 (z.d. 1);VIA;SANTA MARIA FULCORINA;15;630;1;25;"7;7;7;4";3;hotel nuovo biscione;4;"1;2;3;4";34;"10;10;10;4";Albergo
VIA SANTA RADEGONDA N. 14 (z.d. 1)VIA PELLICO SILVIO N. 8 (z.d. 1);;;;;;18;0;l;town house galleria;;;25;0;Albergo
VIA SANTA SOFIA N. 10 (z.d. 1);VIA;SANTA SOFIA;10;408;1;158;;4;UPTOWN PALACE;;;318;;Albergo
VIA SANTA SOFIA N. 16 (z.d. 1);VIA;SANTA SOFIA;16;408;1;35;0;3;hotel canada;;;78;0;Albergo
VIA SAN TOMASO N. 8 Int. a (z.d. 1);VIA;SAN TOMASO;8;723;1;11;;4;;;;22;;Albergo
VIA SARONNO N. 5 (z.d. 8);VIA;SARONNO;5;7202;8;15;"4;4;4;2";1;hotel mignon;4;"1;2;3;4";24;"6;6;6;2";Albergo
VIA SCARLATTI DOMENICO N. 22 (z.d. 3);VIA;SCARLATTI DOMENICO;22;2136;3;104;;3;hotel cristallo;;;223;;Albergo
VIA SCARLATTI DOMENICO N. 24 (z.d. 2);VIA;SCARLATTI DOMENICO;24;2136;2;78;"3;22;21;22;22";4;andreola;5;"T;1;2;3;4";155;"4;34;34;33;33";Albergo
VIA SCARLATTI DOMENICO N. 32 (z.d. 2);VIA;SCARLATTI DOMENICO;32;2136;2;68;;4;hotel bristol;;;116;;Albergo
VIA SCARLATTI DOMENICO N. 33 (z.d. 2);VIA;SCARLATTI DOMENICO;33;2136;2;305;"10;37;25;25;27;27;14;14;14;14";4;hotel michelangelo;17;"1;2;3;4;5;6;7;8;9;0";538;"15;68;33;40;48;48;26;26;26;26";Albergo
VIA SCIALOIA VITTORIO N. 3 (z.d. 9);VIA;SCIALOIA VITTORIO;3;1086;9;60;0;3;hotel la residenza;;;100;0;Albergo
VIA SENATO N. 5 (z.d. 1);VIA;SENATO;5;236;1;93;0;5;carlton hotel baglioni;;;186;0;Albergo
VIA SENIGALLIA N. 6 (z.d. 9);VIA;SENIGALLIA;6;1708;9;298;"40;0;40;40;40;63;56;56;28";4;leonardo da vinci;8;"1;;2;3;4;5;6;7;8";864;"118;0;118;118;118;130;130;130;64";Albergo
VIA SENIGALLIA N. 6 (z.d. 9);VIA;SENIGALLIA;6;1708;9;423;;4;il leonardo da vinci;;;922;;Residence
VIA SETTALA LODOVICO N. 56 (z.d. 3);VIA;SETTALA LODOVICO;56;2111;3;7;"1;4;2";1;hotel da xin;3;"T;1;2";11;"2;6;3";Albergo
VIA SETTALA LODOVICO N. 76 (z.d. 3);VIA;SETTALA LODOVICO;76;2111;3;20;"3;4";2;hotel charly;3;"T;1;2";34;"6;8;4";Albergo
VIA SFORZA ASCANIO N. 73 (z.d. 5);VIA;SFORZA ASCANIO;73;5201;5;15;"3;12";2;hotel mercurio;2;"R;1";25;"6;19";Albergo
VIA SFORZA ASCANIO N. 81 (z.d. 5);VIA;SFORZA ASCANIO;81;5201;5;15;;2;albergo marte;;;25;;Albergo
VIA SIGIERI GOFFREDO N. 3 (z.d. 4);VIA;SIGIERI GOFFREDO;3;4080;4;19;;3;residence sigieri;;;24;;Residence
"VIA SILVA GUGLIELMO num.012 ; (z.d. 8)";VIA;SILVA GUGLIELMO;;6400;8;96;"0;12";4;mini hotel portello;4;"1;2;3;4";202;"0;23;12";Albergo
"VIA SIRACUSA num.005/7 ; (z.d. 1)";VIA;SIRACUSA;;4032;1;48;"6;6;6;4";4;residence bocconi;4;"T;1;2;3";97;"15;31;31;17";Residence
VIA SIRTE N. 9 (z.d. 6);VIA;SIRTE;9;6116;6;94;"7;8;8;8;8;8";3;hotel des etranger s;;"1;2;3;4;5;6";159;"13;14;14;14;14;13";Albergo
VIA SIRTORI GIUSEPPE N. 24 (z.d. 3);VIA;SIRTORI GIUSEPPE;24;2180;3;60;;3;eurohotel;;;101;;
VIA SOPERGA N. 19 (z.d. 2);VIA;SOPERGA;19;2262;2;11;0;1;hotel valley;;;22;0;Albergo
VIA SOPERGA N. 24 (z.d. 2);VIA;SOPERGA;24;2262;2;78;0;3;hotel soperga;;;134;0;
VIA SOTTOCORNO PASQUALE N. 8 (z.d. 4);VIA;SOTTOCORNO PASQUALE;8;3152;4;13;;2;hotel dover;;;24;;Albergo
VIA SPADARI N. 11 (z.d. 1);VIA;SPADARI;11;518;1;40;"7;7;6;6;5;5;4";4;spadari al duomo;7;"1;2;3;4;5;6;7";99;"15;15;14;14;11;9;7";Albergo
VIA SPALLANZANI LAZZARO N. 27 (z.d. 3);VIA;SPALLANZANI LAZZARO;27;2153;3;28;;3;hotel teco;;;80;;
VIA SPALLANZANI LAZZARO N. 40 (z.d. 3);VIA;SPALLANZANI LAZZARO;40;2153;3;207;"24;29;9";4;starhotels ritz;8;"1;2;3;4;5;6;7;8";386;"44;54;18";Albergo
"VIA SPEZIA N. 25 rilascio licenza dallo suap; (z.d. 5)";VIA;SPEZIA;25;5268;5;76;0;4;mini hotel la spezia;;;128;0;Albergo
VIA SPINOLA AMBROGIO N. 9 (z.d. 8);VIA;SPINOLA AMBROGIO;9;6369;8;29;0;3;HOTEL FIERA CONGRESSI;;;53;0;Albergo
VIA SPONTINI GASPARE N. 6 (z.d. 3);VIA;SPONTINI GASPARE;6;2141;3;17;"0;6;6";1;albergo del sole;2;";1;2";40;"0;19;19";Albergo
VIA STAMIRA D'ANCONA N. 27 (z.d. 2);VIA;STAMIRA D'ANCONA;27;2337;2;167;167;4;ramada plaza milano;;;334;334;albergo
VIA STEPHENSON GIORGIO Int. 55;;;;;;256;;4;;;;512;;Albergo
VIA TADINO ALESSANDRO N. 27 (z.d. 3);VIA;TADINO ALESSANDRO;27;2109;3;22;"3;3;8;8";1;hotel nettuno;4;"T;A;1;2";53;"6;6;12;12";Albergo
VIA TARCHETTI IGINIO UGO N. 2 (z.d. 1);VIA;TARCHETTI IGINIO UGO;2;1060;1;282;0;4;jolly touring;;;577;0;Albergo
VIA TAZZOLI ENRICO N. 2 (z.d. 9);VIA;TAZZOLI ENRICO;2;1118;9;160;0;4;hotel ac milano;;;320;0;Albergo
VIA TAZZOLI ENRICO N. 7 (z.d. 9);VIA;TAZZOLI ENRICO;7;1118;9;35;23;4;hotel hua xia milano;;;41;24;Albergo
VIA TENCA CARLO N. 11 (z.d. 2);VIA;TENCA CARLO;11;2118;2;27;0;3;tencaresidence;;;92;0;Residence
VIA TENCA CARLO N. 12 (z.d. 2);VIA;TENCA CARLO;12;2118;2;19;;1;hotel verona;;;25;;Albergo
VIA TENCA CARLO N. 21 (z.d. 2);VIA;TENCA CARLO;21;2118;2;52;0;4;hotel mythos;;;79;0;Albergo
VIA TEODOSIO N. 37 (z.d. 3);VIA;TEODOSIO;37;2550;3;8;0;1;hotel galla;;;15;0;Albergo
VIA TITO LIVIO N. 4 (z.d. 4);VIA;TITO LIVIO;4;4086;4;40;0;3;mec hotel;;;71;0;Albergo
VIA TIZIANO VECELLIO N. 6 (z.d. 8);VIA;TIZIANO VECELLIO;6;6380;8;54;"18;18;18";4;mini hotel tiziano;3;"1;2;3";84;"34;25;25";Albergo
VIA TOFFETTI VINCENZO N. 4 (z.d. 4);VIA;TOFFETTI VINCENZO;4;4188;4;26;"9;9;8";3;hotel mistral;3;"1;2;3";49;"18;18;13";Albergo
VIA TONALE N. 14 (z.d. 2);VIA;TONALE;14;1213;2;28;"3;7";3;hotel demo;;"T;1;2";58;"4;11";Albergo
VIA TONALE N. 2 (z.d. 2);VIA;TONALE;2;1213;2;62;"15;15;15;13;4";3;hotel albert;5;"1;2;3;4;5";102;"26;26;26;19;5";Albergo
VIA TORRAZZA N. 15 (z.d. 8);VIA;TORRAZZA;15;7360;8;15;;2;hotel bonola;;;25;;Albergo
VIA TORRIANI NAPO N. 14 (z.d. 2);VIA;TORRIANI NAPO;14;2126;2;62;"8;12;11;11;9;7;7";3;hotel mennini;7;"1;2;3;4;5;6;7";122;"14;20;19;19;18;12;10";Albergo
VIA TORRIANI NAPO N. 15 (z.d. 2);VIA;TORRIANI NAPO;15;2126;2;59;"8;8;8;8;7;7;7;5;4";3;hotel canova;9;"1;2;3;4;5;6;7;8;9";127;"10;10;10;10;11;11;11;9;8";Albergo
"VIA TORRIANI NAPO N. 17 sportello unico; (z.d. 2)";VIA;TORRIANI NAPO;17;2126;2;16;0;3;dependance hotel berna;;;24;0;Albergo
VIA TORRIANI NAPO N. 18 (z.d. 2);VIA;TORRIANI NAPO;18;2126;2;122;"10;21";4;HOTEL BERNA;6;"R;1;2;3;4;5";197;"13;31;33;32";Albergo
VIA TORRIANI NAPO N. 21 (z.d. 2);VIA;TORRIANI NAPO;21;2126;2;56;"5;11;12;12;11;6";3;hotel garda;;"T;1;2;3;4;5";98;"8;19;19;19;19;9";Albergo
VIA TORRIANI NAPO N. 23 (z.d. 2);VIA;TORRIANI NAPO;23;2126;2;50;"9;9;9;9;9;4";3;flora;6;"1;2;3;4;5;6";83;"15;15;15;15;15;7";Albergo
VIA TORRIANI NAPO N. 24 (z.d. 2);VIA;TORRIANI NAPO;24;2126;2;62;"8;11;10";4;hotel atlantic;6;"1;2;3;4;5;6";91;"13;16;14";Albergo
VIA TORRIANI NAPO N. 27 (z.d. 2);VIA;TORRIANI NAPO;27;2126;2;44;0;3;hotel bernina;;;75;0;Albergo
VIA TORRIANI NAPO N. 28 (z.d. 2);VIA;TORRIANI NAPO;28;2126;2;71;;3;IDEA HOTEL MILANO CENTRALE;;;98;;Albergo
VIA TORRIANI NAPO N. 29 (z.d. 2);VIA;TORRIANI NAPO;29;2126;2;56;"9;7;4;6;3;9;9;9";3;hotel augustus;8;"4;5;6;S;R;1;2;3";93;"15;11;5;10;7;15;15;15";Albergo
VIA TORTONA N. 35 (z.d. 6);VIA;TORTONA;35;5124;6;244;0;4;hotel nhow;;;484;0;Albergo
VIA TRIESTE N. 15 (z.d. 7);VIA;TRIESTE;15;6261;7;10;10;2;my hotel milano;;;12;12;Albergo
VIA TRIVULZIO ANTONIO TOLOMEO N. 8 (z.d. 7);VIA;TRIVULZIO ANTONIO TOLOMEO;8;6277;7;68;0;4;r.t.a. atahotel de angeli;;;192;0;Residence
"VIA UGOLINI GIUSEPPE num.021/3 ; (z.d. 9)";;;;;;8;8;2;hotel greco;;;20;20;Albergo
VIA VALLAZZE N. 14 (z.d. 3);VIA;VALLAZZE;14;2250;3;13;13;1;vallazze;;;22;22;albergo
VIA VALLAZZE N. 39 (z.d. 3);VIA;VALLAZZE;39;2250;3;19;;1;hotel montecarlo;;;32;;Albergo
VIA VALVASSORI PERONI CARLO N. 85 (z.d. 3);VIA;VALVASSORI PERONI CARLO;85;2580;3;58;"8;7";3;hotel gamma;7;"1;2;3;4;5;6;7";99;"14;9";Albergo
VIA VARE' GIOVANNI BATTISTA N. 32 (z.d. 9);VIA;VARE' GIOVANNI BATTISTA;32;1245;9;36;;3;hotel valganna;;;72;;Albergo
VIA VENEZIA GIULIA N. 9 (z.d. 8);VIA;VENEZIA GIULIA;9;7500;8;115;;4;;;;230;;Albergo
VIA VENINI GIULIO E CORRADO N. 59 (z.d. 2);VIA;VENINI GIULIO E CORRADO;59;2258;2;10;10;1;hotel siro;1;1;21;15;Albergo
VIA VIGEVANO N. 13 (z.d. 6);VIA;VIGEVANO;13;5116;6;75;75;3;la darsena;4;;204;204;Residence
VIA VILLAPIZZONE N. 24 (z.d. 8);VIA;VILLAPIZZONE;24;7272;8;250;259;4;radisson blu hotel milan;;;500;518;Albergo
"VIA VISERBA num.018/a ; ()";VIA;VISERBA;;2417;2;47;"15;16;16";3;viserba residence;3;"R;1;2";96;"29;32;32";Residence
VIA VITRUVIO N. 18 (z.d. 3);VIA;VITRUVIO;18;2134;3;19;8;2;hotel salerno;;;39;16;Albergo
VIA VITRUVIO N. 20 (z.d. 3);VIA;VITRUVIO;20;2134;3;17;0;2;hotel eden;2;;32;0;Albergo
VIA VITRUVIO N. 24 (z.d. 3);VIA;VITRUVIO;24;2134;3;17;"4;4;5";2;hotel mondial;3;"T;1;2";29;"6;8;7";Albergo
VIA VITRUVIO N. 28 (z.d. 3);VIA;VITRUVIO;28;2134;3;14;0;2;hotel 2000;;;25;0;Albergo
VIA VITRUVIO N. 29 (z.d. 3);VIA;VITRUVIO;29;2134;3;18;"3;6;6;3";3;hotel mazzini;4;"T;1;2;3";30;"9;10;10;5";Albergo
VIA VITRUVIO N. 43 (z.d. 2);VIA;VITRUVIO;43;2134;2;28;0;3;gonzaga;;;67;0;albergo
VIA VITRUVIO N. 48 (z.d. 3);VIA;VITRUVIO;48;2134;2;83;0;3;hotel amadeus;;;150;0;Albergo
VIA WASHINGTON GIORGIO N. 42 (z.d. 7);VIA;WASHINGTON GIORGIO;42;6111;7;12;"4;4;4";1;villa giovanna;3;"1;2;M";16;"6;6;4";Albergo
VIA WASHINGTON GIORGIO N. 66 (z.d. 7);VIA;WASHINGTON GIORGIO;66;6111;7;323;"52;52;52;52;52;52;11";4;marriot hotel;7;"1;2;3;4;5;6;7";646;"104;104;104;104;104;104;22";Albergo
VIA WATT GIACOMO N. 13 (z.d. 6);VIA;WATT GIACOMO;13;5292;6;87;87;4;idea hotel milano watttredici;;;169;169;Albergo
VLE ABRUZZI N. 67 (z.d. 3);VLE;ABRUZZI;67;2177;3;20;;3;domus;;;36;;Residence
VLE ARGONNE N. 14 (z.d. 4);VLE;ARGONNE;14;3254;4;19;"6;8;2;4";3;albergo susa;4;"2;3;T;1";37;"9;8;8;5";Albergo
VLE BERENGARIO N. 3 (z.d. 8);VLE;BERENGARIO;3;6364;8;27;27;3;hotel campion;3;;51;49;Albergo
VLE BLIGNY N. 23 (z.d. 5);VLE;BLIGNY;23;4045;5;84;"15;15;15;9;9;9;7";4;hotel d este;7;"1;2;3;4;5;6;7";138;"26;26;25;14;14;14;14";Albergo
VLE BLIGNY N. 56 (z.d. 5);VLE;BLIGNY;56;4045;5;58;"8;10;4";4;hotel liberty;6;"1;2;3;4;5;6";106;"18;7";Albergo
VLE BRENTA N. 33 (z.d. 4);VLE;BRENTA;33;4151;4;12;12;;hotel brenta milano;;;23;23;Albergo
VLE CERTOSA N. 108 (z.d. 8);VLE;CERTOSA;108;7174;8;126;"35;34;24;21";4;hotel raffaello;5;"1;2;3;4;5";223;"55;54;43;38;29";Albergo
VLE CERTOSA N. 26 (z.d. 8);VLE;CERTOSA;26;7174;8;25;25;3;hotel certosa;;;50;50;Albergo
VLE CERTOSA N. 68 (z.d. 8);VLE;CERTOSA;68;7174;8;66;0;4;hotel accademia;;;130;0;Albergo
VLE CERTOSA N. 88 (z.d. 8);VLE;CERTOSA;88;7174;8;27;;3;albergo accursio;;;39;;Albergo
VLE DEI MILLE N. 24 (z.d. 3);VLE;DEI MILLE;24;3115;3;11;"3;4;4";1;pensione capri;3;"T;1;2";20;"5;8;4";Albergo
VLE DEI MILLE N. 48 (z.d. 3);VLE;DEI MILLE;48;3115;3;10;0;1;hotel aladin;;;17;0;Albergo
VLE DEI MILLE N. 48 (z.d. 3);VLE;DEI MILLE;48;3115;3;14;;1;doria suisse;4;;20;;Albergo
VLE DEI MILLE N. 48 (z.d. 3);VLE;DEI MILLE;48;3115;3;14;14;1;exellent;;;16;16;Albergo
"VLE DEI MILLE num.060/62 ; (z.d. 3)";VLE;DEI MILLE;;3115;3;22;"4;6;4";3;hotel ideale;3;"R;1;2";40;"5;9;6";Albergo
VLE DORIA ANDREA N. 22 (z.d. 3);VLE;DORIA ANDREA;22;2230;3;124;"12;22;22;22;22;22;22;22;22;22";4;doria grand hotel;10;"1;2;3;4;5;6;7;8;9;0";234;"23;23;23;23;23;23;23;23;23;23";Albergo
VLE DORIA ANDREA N. 4 (z.d. 2);VLE;DORIA ANDREA;4;2230;2;143;;4;starhotels E.C.H.O.;7;;299;;Albergo
VLE ESPINASSE CARLO N. 22 (z.d. 8);VLE;ESPINASSE CARLO;22;7390;8;10;"0;4;4";1;sorrento;;";1;2";20;"0;7;7";Albergo
VLE FAENZA N. 12/13 (z.d. 6);VLE;FAENZA;41609;5350;6;8;;1;HOTEL FAENZA;;;20;;Albergo
VLE FAMAGOSTA N. 48 (z.d. 6);VLE;FAMAGOSTA;48;5353;6;54;"22;22;10";4;green house residence;3;"R;1;3";97;"38;38;21";Residence
VLE FAMAGOSTA N. 50 (z.d. 6);VLE;FAMAGOSTA;50;5353;6;45;0;3;green house;;;92;0;Albergo
VLE ISONZO N. 14 (z.d. 5);VLE;ISONZO;14;4211;5;172;0;4;grand visconti palace;;;388;0;Albergo
VLE ISONZO N. 2 (z.d. 5);VLE;ISONZO;2;4211;5;60;0;4;hotel mayor;8;;120;0;Albergo
VLE LOMBARDIA N. 20 (z.d. 3);VLE;LOMBARDIA;20;2400;3;14;;3;OASI VILLAGE HOTEL;;;25;;Albergo
"VLE LOMBARDIA N. 55 licenza rilasciata dallo sport; (z.d. 3)";VLE;LOMBARDIA;55;2400;3;28;0;3;HOTEL SAN FRANCISCO;;;55;0;Albergo
VLE LOMBARDIA N. 59 (z.d. 3);VLE;LOMBARDIA;59;2400;3;11;0;1;hotel acapulco;;;18;0;Albergo
VLE LOMBARDIA N. 74 (z.d. 3);VLE;LOMBARDIA;74;2400;3;96;;3;albergo lombardia;;;157;;Albergo
VLE MONTE GRAPPA N. 12 (z.d. 9);VLE;MONTE GRAPPA;12;1101;9;65;65;4;maison moschino;;;135;135;Albergo
VLE MONZA N. 120 (z.d. 2);VLE;MONZA;120;2274;2;15;0;3;hotel nuovo metro;;;25;0;Albergo
"VLE MONZA N. 132 ang. via petrocchi n. 1; (z.d. 2)";VLE;MONZA;132;2274;2;120;"27;27;12;12;12;12;12;6";4;hotel concorde;8;"1;2;3;4;5;6;7;8";254;"45;45;30;30;30;30;30;14";Albergo
VLE MONZA N. 139 (z.d. 2);VLE;MONZA;139;2274;2;89;"9;9;9;9;9;9;3";4;residence atahotel linea uno;;"1;2;3;4;5;6;7";254;"20;20;20;20;20;20;6";Residence
VLE MURILLO S.B. N. 22 (z.d. 7);VLE;MURILLO S.B.;22;6551;7;25;"9;10;6";2;murillo;3;"T;1;2";46;"17;17;10";Albergo
VLE MURILLO S.B. N. 9 (z.d. 7);VLE;MURILLO S.B.;9;6551;7;72;;4;astoria;;;120;;Albergo
VLE PAPINIANO N. 14 (z.d. 1);VLE;PAPINIANO;14;5097;1;52;"13;13;13;13";3;hotel sant ambreus;4;"1;2;3;4";84;"21;21;21;21";Albergo
VLE PIAVE N. 42 (z.d. 3);VLE;PIAVE;42;2179;3;105;;4;hotel sheraton diana majestic;;;205;;Albergo
"VLE PIAVE N. 5 2ø piano; (z.d. 1)";VLE;PIAVE;5;2179;1;12;0;2;atena;;;24;0;Albergo
VLE PICENO N. 33 (z.d. 4);VLE;PICENO;33;3114;4;17;17;2;hotel dateo;;;33;33;Albergo
VLE SABOTINO N. 16 (z.d. 5);VLE;SABOTINO;16;4046;5;13;0;2;hotel arco romana;;;25;0;
VLE STURZO DON LUIGI N. 45 (z.d. 9);VLE;STURZO DON LUIGI;45;1704;9;420;70;4;atahotel executive;6;"1;2;3;4;5;6";792;140;Albergo
VLE SUZZANI GIOVANNI N. 13 (z.d. 9);VLE;SUZZANI GIOVANNI;13;1446;9;172;"30;11";4;novotel milano nord;7;"1;2;3;4;5;6;7";344;"60;22";Albergo
"VLE SUZZANI GIOVANNI num.013/15 ; (z.d. 9)";;;;;;131;33;3;hotel ibis milano ca  granda;4;"1;2;3;4";262;66;Albergo
VLE TESTI FULVIO N. 300 (z.d. 9);VLE;TESTI FULVIO;300;1441;9;140;"15;15;15;15;15;9";4;starhotels tourist;;"R;1;2;3;4;5";250;"29;29;29;29;29;9";Albergo
VLE TUNISIA N. 6 (z.d. 3);VLE;TUNISIA;6;2121;3;12;0;1;hotel san tomaso;1;;25;0;Albergo
VLE TUNISIA N. 6 (z.d. 3);VLE;TUNISIA;6;2121;3;13;16;1;hotel kennedy;1;6;23;23;Albergo
VLE TUNISIA N. 9 (z.d. 3);VLE;TUNISIA;9;2121;3;50;"3;6;9;9;9";4;st. george hotel;;"A;1;2;3;4";99;"5;16;26;26;26";Albergo
VLE VITTORIO VENETO N. 30 (z.d. 2);VLE;VITTORIO VENETO;30;2107;2;15;;2;hotel casa mia;;;25;;Albergo
VLE ZARA N. 1 (z.d. 9);VLE;ZARA;1;1170;9;32;;4;casa albergo residence zara lagosta;;;64;;Residence
VLE ZARA N. 89 (z.d. 9);VLE;ZARA;89;1170;9;22;"12;7;4";3;hotel gala;3;"R;1;2";35;"20;12;7";Albergo
