Nome,Tipologia,Numero stelle,Tipo via,Nome via,Civico,Codice via,Municipio,Camere tot,Piani totali,Posti letto tot
ACCA PALACE,RESIDENCE,4,VIA,NICOTERA GIOVANNI,9,1508,9,41,5,82
ALBERGO ACCURSIO,ALBERGO,3,VLE,CERTOSA,88,7174,8,27,4,39
ALBERGO DEL SOLE,ALBERGO,1,VIA,SPONTINI GASPARE,6,2141,3,17,2,40
ALBERGO FELICE CASATI,ALBERGO,4,VIA,CASATI FELICE,18,2122,3,99,3,145
ALBERGO FENICE,ALBERGO,3,CSO,BUENOS AIRES,2,2129,3,46,4,98
ALBERGO IRIDE,ALBERGO,2,VIA,PORPORA NICOLA ANTONIO,170,2229,3,11,3,19
ALBERGO LA PACE,ALBERGO,1,VIA,CATALANI ALFREDO,69,2425,3,20,6,33
ALBERGO LARIO,ALBERGO,1,VIA,LARIO,40,1171,9,7,3,17
ALBERGO LOMBARDIA,ALBERGO,3,VLE,LOMBARDIA,74,2400,3,96,5,157
ALBERGO MARTE,ALBERGO,2,VIA,SFORZA ASCANIO,81,5201,5,15,3,25
ALBERGO PALLADIO,ALBERGO,1,VIA,PALLADIO ANDREA,8,4213,5,48,7,82
ALBERGO PAVONE,ALBERGO,3,VIA,DANDOLO ENRICO,2,3028,1,24,4,50
ALBERGO POERIO,ALBERGO,1,VIA,POERIO CARLO,32,3181,3,13,4,20
ALBERGO SEMPIONE,ALBERGO,3,VIA,FINOCCHIARO APRILE,11,2120,2,49,3,101
ALBERGO SICILIA,ALBERGO,1,VIA,BENEFATTORI DELL'OSPEDALE,24,1522,9,10,2,19
ALBERGO SUSA,ALBERGO,3,VLE,ARGONNE,14,3254,4,19,4,37
AMALFI,ALBERGO,1,VIA,QUARNERO,4,6263,7,11,3,24
AMBROSIANA,ALBERGO,1,VIA,PLINIO CAIO SECONDO,22,2144,3,16,3,22
ANDREOLA,ALBERGO,4,VIA,SCARLATTI DOMENICO,24,2136,2,78,5,155
ANTICA LOCANDA LEONARDO,ALBERGO,3,CSO,MAGENTA,78,604,1,16,1,35
ANTICA LOCANDA SOLFERINO,ALBERGO,2,VIA,CASTELFIDARDO,2,1043,1,11,3,21
APOLLO,ALBERGO,2,VIA,RIPAMONTI GIUSEPPE,102,4066,5,18,3,40
ARMANI HOTEL MILANO,ALBERGO,6,VIA,MANZONI ALESSANDRO,31,230,1,95,7,190
ARNO,ALBERGO,1,VIA,LAZZARETTO,17,2112,2,10,1,16
ART HOTEL NAVIGLI,ALBERGO,4,VIA,FUMAGALLI ANGELO CARLO,4,5149,6,103,5,205
ASCOT,ALBERGO,4,VIA,LENTASIO,3,410,1,64,5,99
ASTORIA,ALBERGO,4,VLE,MURILLO S.B.,9,6551,7,72,5,120
ASTRID,ALBERGO,2,VIA,LULLI GIOVANNI,22,2253,3,11,2,23
ATAHOTEL EXECUTIVE,ALBERGO,4,VLE,STURZO DON LUIGI,45,1704,9,420,6,792
ATAHOTEL QUARK,ALBERGO,4,VIA,LAMPEDUSA,11,5329,5,328,11,736
ATENA,ALBERGO,2,VLE,PIAVE,5,2179,1,12,3,24
AURIGA,ALBERGO,4,VIA,PIRELLI GIOVANNI BATTISTA,7,1195,2,52,5,91
BIO CITY HOTEL,ALBERGO,1,VIA,EDOLO,18,1217,2,17,3,32
BOSCOLO HOTEL EXEDRA,ALBERGO,-1,CSO,MATTEOTTI GIACOMO,4,218,1,154,5,308
BOSTON,ALBERGO,1,VIA,LEPETIT ROBERTO,7,2096,2,25,4,41
BRASIL,ALBERGO,1,VIA,MODENA GUSTAVO,20,3122,3,17,3,25
BULGARI HOTELS  E  RESORTS MILANO,ALBERGO,-1,VIA,F.LLI GABBA,7,146,1,59,3,118
CALIPSO,ALBERGO,1,VIA,GAFFURIO FRANCHINO,1,2138,3,19,3,32
CAMPERIO HOUSE HOTEL  E  RESIDENCE,RESIDENCE,4,VIA,GIULINI GIORGIO,6,613,1,10,4,20
CARLTON HOTEL BAGLIONI,ALBERGO,5,VIA,SENATO,5,236,1,93,6,186
CARLYLE BRERA HOTEL,ALBERGO,4,CSO,GARIBALDI GIUSEPPE,84,1010,1,98,7,203
CASA ALBERGO RESIDENCE ZARA LAGOSTA,RESIDENCE,4,VLE,ZARA,1,1170,9,32,5,64
CENTRO ALBERGHIERO ORNATO,ALBERGO,3,VIA,ORNATO LUIGI,64,1591,9,144,2,252
CLASS,RESIDENCE,2,VIA,CORNALIA EMILIO,7,1182,9,26,3,52
COLOMBIA,ALBERGO,4,VIA,LEPETIT ROBERTO,15,2096,2,48,6,81
CONTESSA JOLANDA- ATTIVITÀ PROMISCUA 133 APPARTAMENTI (266 POSTI LETTO) E 9 CAMERE ALBERGO PER 18 POSTI LETTO PER UN TOTALE DI 284 POSTI LETTO,RESIDENCE,4,VIA,MURAT GIOACCHINO,21,1316,9,133,8,266
CORVETTO RESIDENCE PORTO DI MARE,RESIDENCE,4,VIA,OSIMO AUGUSTO,10,4303,4,64,5,200
CRISTOFORO COLOMBO,ALBERGO,4,CSO,BUENOS AIRES,3,2129,3,116,4,191
CROWNE PLAZA MILAN CITY,ALBERGO,4,VIA,GIOIA MELCHIORRE,73,1108,2,109,6,218
DEPENDANCE HOTEL BERNA,ALBERGO,3,VIA,TORRIANI NAPO,17,2126,2,16,4,24
DOMUS,RESIDENCE,3,VLE,ABRUZZI,67,2177,3,20,4,36
DORIA GRAND HOTEL,ALBERGO,4,VLE,DORIA ANDREA,22,2230,3,124,10,234
DORIA SUISSE,ALBERGO,1,VLE,DEI MILLE,48,3115,3,14,4,20
DOUBLE TREE BY HILTON MILAN,ALBERGO,4,VIA,LUDOVICO DI BREME,77,7396,8,240,9,480
DUCA DI MILANO,ALBERGO,-1,PZA,DELLA REPUBBLICA,13,1055,2,99,10,189
ENTERPRISE HOTEL,ALBERGO,4,CSO,SEMPIONE,91,7137,8,113,6,216
EUROHOTEL,ALBERGO,3,VIA,SIRTORI GIUSEPPE,24,2180,3,60,5,101
EXELLENT,ALBERGO,1,VLE,DEI MILLE,48,3115,3,14,3,16
FERRARI,ALBERGO,1,CSO,VERCELLI,55,6193,7,14,3,25
FLORA,ALBERGO,3,VIA,TORRIANI NAPO,23,2126,2,50,6,83
FLORIDA,ALBERGO,3,VIA,LEPETIT ROBERTO,33,2096,2,57,5,98
FOUR SEASON HOTEL MILAN,ALBERGO,5,VIA,GESU',10,227,1,118,4,240
GALAXY G SRL,ALBERGO,4,CSO,BUENOS AIRES,33,2129,3,65,5,97
GIANNI,ALBERGO,1,VIA,CARCANO FILIPPO,47,6389,7,8,2,10
GIUSTI 6,RESIDENCE,3,VIA,GIUSTI GIUSEPPE,6,7127,1,72,7,169
GONZAGA,ALBERGO,3,VIA,VITRUVIO,43,2134,2,28,4,67
GRAN DUCA DI YORK,ALBERGO,3,VIA,MONETA,1,570,1,33,4,60
GRAND HOTEL DUOMO,ALBERGO,4,PZA,DEL DUOMO,25,1,1,161,7,244
GRAND HOTEL ET DE MILAN,ALBERGO,6,VIA,MANZONI ALESSANDRO,29,230,1,102,5,158
GRAND HOTEL VERDI,ALBERGO,4,VIA,GIOIA MELCHIORRE,6,1108,9,99,6,198
GRAND VISCONTI PALACE,ALBERGO,4,VLE,ISONZO,14,4211,5,172,8,388
GREEN HOUSE RESIDENCE,RESIDENCE,4,VLE,FAMAGOSTA,48,5353,6,54,3,97
HILTON MILAN,ALBERGO,4,VIA,GALVANI LUIGI,12,1179,2,320,8,469
HOLIDAY INN MILAN GARIBALDI STATION,ALBERGO,4,VIA,BASSI UGO,1,1143,9,134,5,272
HOTEL   LEONARDO,ALBERGO,1,VIA,CARCANO FILIPPO,37,6389,7,12,3,22
"HOTEL ""LA VIGNETTA""",ALBERGO,1,VIA,CUSTODI PIETRO,2,5199,5,31,3,56
HOTEL 2000,ALBERGO,2,VIA,VITRUVIO,28,2134,3,14,3,25
HOTEL AC MILANO,ALBERGO,4,VIA,TAZZOLI ENRICO,2,1118,9,160,7,320
HOTEL ACAPULCO,ALBERGO,1,VLE,LOMBARDIA,59,2400,3,11,3,18
HOTEL ACCADEMIA,ALBERGO,4,VLE,CERTOSA,68,7174,8,66,5,130
HOTEL ADA,ALBERGO,2,VIA,SAMMARTINI GIOVANNI BATTISTA,15,1202,2,18,1,25
HOTEL ADAM,ALBERGO,-1,VIA,PALMANOVA,153,2390,2,59,3,99
HOTEL ADELCHI LAMBRATE,ALBERGO,1,VIA,INGEGNOLI FRANCESCO,20,2559,3,16,3,25
HOTEL ADLER,ALBERGO,-1,VIA,RICORDI GIOVANNI,10,2251,3,23,2,47
HOTEL ADMIRAL,ALBERGO,4,VIA,DOMODOSSOLA,16,7152,8,60,6,102
HOTEL AGAPE,ALBERGO,3,VIA,FLUMENDOSA,35,2522,2,43,5,75
HOTEL ALADIN,ALBERGO,1,VLE,DEI MILLE,48,3115,3,10,3,17
HOTEL ALBERT,ALBERGO,3,VIA,TONALE,2,1213,2,62,5,102
HOTEL ALESSANDER,ALBERGO,2,VIA,CORTINA D'AMPEZZO,17,4259,5,13,3,23
HOTEL ALGA,ALBERGO,3,VIA,DEL MARE,93,5318,5,87,5,159
HOTEL AMADEUS,ALBERGO,3,VIA,VITRUVIO,48,2134,3,83,5,150
HOTEL AMBASCIATORI,ALBERGO,4,GLL,DEL CORSO,3,305,1,87,7,150
HOTEL AMBRA,ALBERGO,1,VIA,CACCIANINO ANTONIO,10,2419,3,8,3,18
HOTEL AMENDOLA FIERA,ALBERGO,1,VIA,CARCANO FILIPPO,39,6389,7,11,3,23
HOTEL AMERICA,ALBERGO,1,CSO,VENTIDUE MARZO,32,3074,4,9,3,18
HOTEL ARCO ROMANA,ALBERGO,2,VLE,SABOTINO,16,4046,5,13,3,25
HOTEL ARES,ALBERGO,3,VIA,PORRO EDOARDO,8,1226,9,13,4,21
HOTEL ARIOSTO,ALBERGO,3,VIA,ARIOSTO LODOVICO,22,6184,1,48,5,96
HOTEL ARISTON,ALBERGO,3,LGO,CARROBBIO,2,542,0,52,6,95
HOTEL ARIZONA,ALBERGO,4,VIA,BRESSANONE,4,7425,0,80,5,120
HOTEL ASPROMONTE,ALBERGO,3,PZA,ASPROMONTE,12,2246,3,19,3,31
HOTEL ATLANTIC,ALBERGO,4,VIA,TORRIANI NAPO,24,2126,2,62,6,91
HOTEL AUGUSTUS,ALBERGO,3,VIA,TORRIANI NAPO,29,2126,2,56,8,93
HOTEL AURORA,ALBERGO,1,CSO,BUENOS AIRES,18,2129,3,16,1,25
HOTEL AUTOSOLE 2,ALBERGO,3,VIA,PALMIERI NICOLA,64,5323,5,23,4,46
HOTEL BAGLIORI,ALBERGO,3,VIA,BOSCOVICH RUGGERO,43,2131,3,14,4,19
HOTEL BAVIERA,ALBERGO,4,VIA,CASTALDI PANFILO,7,2119,2,52,4,92
HOTEL BEL SIT,ALBERGO,2,VIA,GALLARATE,2,7420,8,17,3,25
HOTEL BERNA,ALBERGO,4,VIA,TORRIANI NAPO,18,2126,2,122,6,197
HOTEL BOGART 2,ALBERGO,3,VIA,AOSTA,2,7227,8,15,4,25
HOTEL BOLZANO,ALBERGO,3,VIA,BOSCOVICH RUGGERO,21,2131,2,35,4,68
HOTEL BONAPARTE,ALBERGO,4,VIA,CUSANI,13,719,1,92,6,234
HOTEL BONOLA,ALBERGO,2,VIA,TORRAZZA,15,7360,8,15,3,25
HOTEL BOVISA,ALBERGO,2,VIA,BROGLIO EMILIO,28,1246,9,7,3,9
HOTEL BRENTA MILANO,ALBERGO,-1,VLE,BRENTA,33,4151,4,12,2,23
HOTEL BRIVIO,ALBERGO,2,VIA,BRIVIO CESARE,33,1502,9,12,3,21
HOTEL BRUNELLESCHI,ALBERGO,4,VIA,BARACCHINI FLAVIO,12,356,1,177,8,259
HOTEL BUENOS AIRES,ALBERGO,3,CSO,BUENOS AIRES,26,2129,3,25,4,39
HOTEL CA  GRANDE,ALBERGO,1,VIA,PORPORA NICOLA ANTONIO,87,2229,3,18,3,21
HOTEL CAMPION,ALBERGO,3,VLE,BERENGARIO,3,6364,8,27,3,51
HOTEL CANADA,ALBERGO,3,VIA,SANTA SOFIA,16,408,1,35,4,78
HOTEL CANOVA,ALBERGO,3,VIA,TORRIANI NAPO,15,2126,2,59,9,127
HOTEL CAPITOL MILLENNIUM,ALBERGO,4,VIA,CIMAROSA DOMENICO,6,6291,7,66,5,111
HOTEL CASA MIA,ALBERGO,2,VLE,VITTORIO VENETO,30,2107,2,15,3,25
HOTEL CASTELLETTO,ALBERGO,2,VIA,ARCHIMEDE,79,3086,4,14,3,22
HOTEL CATALANI E MADRID,ALBERGO,2,VIA,CATALANI ALFREDO,71,2425,3,20,4,38
HOTEL CAVOUR,ALBERGO,4,VIA,FATEBENEFRATELLI,21,144,1,121,5,224
HOTEL CENTRAL STATION,ALBERGO,1,VIA,SAMMARTINI GIOVANNI BATTISTA,15,1202,2,17,1,25
HOTEL CENTRO,ALBERGO,3,VIA,BROLETTO,46,720,1,54,5,94
HOTEL CERTOSA,ALBERGO,3,VLE,CERTOSA,26,7174,8,25,4,50
HOTEL CERVO,ALBERGO,3,PLE,PRINCIPESSA CLOTILDE,10,1061,9,57,5,79
HOTEL CHARLY,ALBERGO,2,VIA,SETTALA LODOVICO,76,2111,3,20,3,34
HOTEL CHOPIN,ALBERGO,1,VIA,PORPORA NICOLA ANTONIO,143,2229,3,10,3,21
HOTEL CINQUE GIORNATE,ALBERGO,2,PZA,CINQUE GIORNATE,6,3053,1,22,4,48
HOTEL CITTA  STUDI,ALBERGO,3,VIA,SALDINI CESARE,24,3206,3,45,4,79
HOTEL CITY,ALBERGO,4,GLL,BUENOS AIRES,5,2146,3,60,7,100
HOTEL CLUB,ALBERGO,3,VIA,COPERNICO NICOLO',18,1204,2,53,6,73
HOTEL CONCORDE,ALBERGO,4,VLE,MONZA,132,2274,2,120,8,254
HOTEL CONVERTINI,ALBERGO,1,VIA,SAN MAMETE,12,2413,2,13,1,28
HOTEL CORALLO,ALBERGO,3,VIA,CESENA,20,7226,8,35,4,48
HOTEL CORVETTO,ALBERGO,1,PLE,CORVETTO LUIGI EMANUELE,5,4174,4,15,3,25
HOTEL CRISTALLO,ALBERGO,3,VIA,SCARLATTI DOMENICO,22,2136,3,104,6,223
HOTEL CÀ BIANCA CORTE DEL NAVIGLIO,ALBERGO,4,VIA,LODOVICO IL MORO,117,5290,6,51,5,102
HOTEL D ESTE,ALBERGO,4,VLE,BLIGNY,23,4045,5,84,7,138
HOTEL DA XIN,ALBERGO,1,VIA,SETTALA LODOVICO,56,2111,3,7,3,11
HOTEL DATEO,ALBERGO,2,VLE,PICENO,33,3114,4,17,3,33
HOTEL DE ALBERTIS,ALBERGO,2,VIA,DE ALBERTIS SEBASTIANO,7,3138,3,11,3,18
HOTEL DE LA VILLE,ALBERGO,4,VIA,HOEPLI ULRICO,6,190,1,109,6,208
HOTEL DEI CAVALIERI,ALBERGO,4,PZA,MISSORI GIUSEPPE,1,525,1,167,9,305
HOTEL DEI FIORI,ALBERGO,3,VIA,RENZO E LUCIA,14,5412,5,53,3,108
HOTEL DEL CORSO,ALBERGO,4,VIA,PECCHIO GIUSEPPE,2,2240,3,26,5,45
HOTEL DEL SUD,ALBERGO,1,CSO,LODI,74,4068,4,27,3,46
HOTEL DELIZIA,ALBERGO,2,VIA,ARCHIMEDE,86,3086,4,14,2,25
HOTEL DELLE NAZIONI,ALBERGO,3,VIA,CAPPELLINI ALFREDO,18,2130,2,81,5,163
HOTEL DEMIDOFF,ALBERGO,3,VIA,PLINIO CAIO SECONDO,2,2144,3,43,5,65
HOTEL DEMO,ALBERGO,3,VIA,TONALE,14,1213,2,28,3,58
HOTEL DES ETRANGER S,ALBERGO,3,VIA,SIRTE,9,6116,6,94,6,159
HOTEL DI PORTA ROMANA,ALBERGO,3,VIA,PAPI LAZZARO,18,4071,4,36,5,67
HOTEL DIECI,ALBERGO,4,LGO,RIO DE JANEIRO,12,3174,3,29,5,41
HOTEL DOMENICHINO,ALBERGO,3,VIA,DOMENICHINO,41,6383,7,64,5,110
HOTEL DORE',ALBERGO,3,VIA,PAGANINI NICCOLO',7,2238,3,18,4,39
HOTEL DOVER,ALBERGO,2,VIA,SOTTOCORNO PASQUALE,8,3152,4,13,3,24
HOTEL DUE GIARDINI,ALBERGO,2,VIA,MARCELLO BENEDETTO,47,2128,3,10,3,21
HOTEL EDEN,ALBERGO,2,VIA,VITRUVIO,20,2134,3,17,2,32
HOTEL EDY,ALBERGO,1,VIA,DELLE FORZE ARMATE,8,6643,7,12,1,25
HOTEL EL DIABLO,ALBERGO,1,CSO,VENTIDUE MARZO,43,3074,4,9,3,15
HOTEL EMMY,ALBERGO,1,VIA,FRA' GALGARIO,4,6607,7,10,3,20
HOTEL ETRUSCO,ALBERGO,3,VIA,PORPORA NICOLA ANTONIO,56,2229,3,18,4,21
HOTEL EUROPEO,ALBERGO,3,VIA,CANONICA LUIGI,38,7121,1,45,5,70
HOTEL EXECELSIOR GALLIA,ALBERGO,-1,PZA,DUCA D'AOSTA,9,1200,2,243,8,448
HOTEL FAENZA,ALBERGO,1,VLE,FAENZA,12,5350,6,8,3,20
HOTEL FIERA CONGRESSI,ALBERGO,3,VIA,SPINOLA AMBROGIO,9,6369,8,29,4,53
HOTEL FIVE,ALBERGO,-1,CSO,LODI,4,4068,5,21,2,43
HOTEL FLORENCE,ALBERGO,3,PZA,ASPROMONTE,22,2246,3,29,3,56
HOTEL FOUR POINTS SHERATON MILAN CENTRE,ALBERGO,4,VIA,CARDANO GEROLAMO,1,1187,9,254,9,465
HOTEL GALA,ALBERGO,3,VLE,ZARA,89,1170,9,22,3,35
HOTEL GALILEO,ALBERGO,4,CSO,EUROPA,9,300,1,89,7,159
HOTEL GALLA,ALBERGO,1,VIA,TEODOSIO,37,2550,3,8,3,15
HOTEL GALLES,ALBERGO,4,PZA,LIMA,2,2135,3,198,8,395
HOTEL GAMBARA,ALBERGO,1,VIA,FRA' GALGARIO,4,6607,7,12,1,24
HOTEL GAMMA,ALBERGO,3,VIA,VALVASSORI PERONI CARLO,85,2580,3,58,7,99
HOTEL GARDA,ALBERGO,3,VIA,TORRIANI NAPO,21,2126,2,56,6,98
HOTEL GARDEN,ALBERGO,2,VIA,RUTILIA,6,4229,5,23,2,48
HOTEL GENIUS DOWN TOWN,ALBERGO,3,VIA,PORLEZZA,4,611,1,36,4,60
HOTEL GIARDINO,ALBERGO,3,VIA,DEI MISSAGLIA,14,5340,5,19,4,24
HOTEL GIULIO CESARE,ALBERGO,3,VIA,ROVELLO,10,722,1,24,4,34
HOTEL GRAN SASSO,ALBERGO,2,VIA,LIPPI FILIPPINO,28,2196,3,22,4,39
HOTEL GRECO,ALBERGO,2,VIA,UGOLINI GIUSEPPE,21,0,9,8,3,20
HOTEL GRITTI,ALBERGO,3,PZA,SANTA MARIA BELTRADE,4,514,1,48,5,78
HOTEL HERMITAGE,ALBERGO,4,VIA,MESSINA,10,7211,8,131,7,262
HOTEL HUA XIA MILANO,ALBERGO,4,VIA,TAZZOLI ENRICO,7,1118,9,35,5,41
HOTEL IBIS MILANO CA  GRANDA,ALBERGO,3,VLE,SUZZANI GIOVANNI,13,1446,9,131,4,262
HOTEL IBIS MILANO CENTRO,ALBERGO,3,VIA,FINOCCHIARO APRILE,2,2120,2,439,12,636
HOTEL IDEALE,ALBERGO,3,VLE,DEI MILLE,60,3115,3,22,3,40
HOTEL JOHNNY,ALBERGO,3,VIA,PRATI GIOVANNI,6,7149,8,31,4,69
HOTEL KENNEDY,ALBERGO,1,VLE,TUNISIA,6,2121,3,13,1,23
HOTEL KING,ALBERGO,4,CSO,MAGENTA,19,604,1,48,6,96
HOTEL LA MADONNINA,ALBERGO,3,VIA,MAZZINI GIUSEPPE,10,516,1,14,4,25
HOTEL LA RESIDENZA,ALBERGO,3,VIA,SCIALOIA VITTORIO,3,1086,9,60,5,100
HOTEL LANCASTER,ALBERGO,3,VIA,SANGIORGIO ABBONDIO,16,7138,1,30,4,65
HOTEL LIBERTY,ALBERGO,4,VLE,BLIGNY,56,4045,5,58,6,106
HOTEL LIDO,ALBERGO,3,VIA,GALLI RICCARDO,8,6405,8,27,4,36
HOTEL LIGURIA,ALBERGO,2,VIA,RIPAMONTI GIUSEPPE,134,4066,5,28,4,51
HOTEL LLOYD,ALBERGO,4,CSO,DI PORTA ROMANA,48,402,1,56,5,100
HOTEL LONDON,ALBERGO,2,VIA,ROVELLO,3,722,1,29,3,49
HOTEL LORIS,ALBERGO,1,VIA,LULLI GIOVANNI,11,2253,3,22,3,25
HOTEL LOSANNA,ALBERGO,3,VIA,PIERO DELLA FRANCESCA,39,7188,8,24,1,47
HOTEL LUGANO,ALBERGO,3,VIA,ASTOLFO,6,2566,3,21,4,31
HOTEL MAC MAHON,ALBERGO,2,VIA,MAC MAHON,45,7221,8,24,4,44
HOTEL MADISON,ALBERGO,4,VIA,GASPAROTTO LEOPOLDO,8,1205,2,97,6,150
HOTEL MAISON BORELLA,ALBERGO,4,ALZ,NAVIGLIO GRANDE,8,5144,6,14,4,25
HOTEL MALTA,ALBERGO,1,VIA,RICORDI GIOVANNI,20,2251,3,15,4,24
HOTEL MANIN,ALBERGO,4,VIA,MANIN DANIELE,7,1052,1,119,7,183
HOTEL MARCONI,ALBERGO,4,VIA,FILZI FABIO,3,1190,2,67,6,98
HOTEL MARLENE,ALBERGO,2,VIA,GOLDONI CARLO,84,3183,3,10,3,17
HOTEL MAYOR,ALBERGO,4,VLE,ISONZO,2,4211,5,60,8,120
HOTEL MAZZINI,ALBERGO,3,VIA,VITRUVIO,29,2134,3,18,4,30
HOTEL MEDIOLANUM,ALBERGO,4,VIA,MACCHI MAURO,1,2133,2,52,4,93
HOTEL MENNINI,ALBERGO,3,VIA,TORRIANI NAPO,14,2126,2,62,7,122
HOTEL MENTANA,ALBERGO,4,VIA,MORIGI,2,633,1,32,6,48
HOTEL MERCURE MILANO CENTRO PORTA VENEZI,ALBERGO,3,PZA,OBERDAN GUGLIELMO,12,2108,3,30,4,57
HOTEL MERCURIO,ALBERGO,2,VIA,SFORZA ASCANIO,73,5201,5,15,2,25
HOTEL METRO,ALBERGO,3,CSO,VERCELLI,61,6193,7,40,2,64
HOTEL MICHELANGELO,ALBERGO,4,VIA,SCARLATTI DOMENICO,33,2136,2,305,17,538
HOTEL MIGNON,ALBERGO,1,VIA,SARONNO,5,7202,8,15,4,24
HOTEL MILANO SCALA,ALBERGO,4,VIA,DELL' ORSO,7,123,1,62,5,115
HOTEL MILTON MILANO,ALBERGO,4,VIA,BUTTI ENRICO,9,1292,9,110,6,308
HOTEL MINERVA,ALBERGO,3,CSO,COLOMBO CRISTOFORO,15,5114,6,44,4,67
HOTEL MIRAGE,ALBERGO,4,VIA,CASELLA GIOVANNI BATTISTA,61,7382,8,86,5,132
HOTEL MISTRAL,ALBERGO,3,VIA,TOFFETTI VINCENZO,4,4188,4,26,3,49
HOTEL MOLISE2,ALBERGO,3,VIA,CADIBONA,2,3339,4,30,4,42
HOTEL MONDIAL,ALBERGO,2,VIA,VITRUVIO,24,2134,3,17,3,29
HOTEL MONTECARLO,ALBERGO,1,VIA,VALLAZZE,39,2250,3,19,3,32
HOTEL MOZART,ALBERGO,4,PZA,GERUSALEMME,6,7201,8,119,6,208
HOTEL MYTHOS,ALBERGO,4,VIA,TENCA CARLO,21,2118,2,52,5,79
HOTEL NAPOLEON,ALBERGO,3,VIA,OZANAM FEDERICO,12,2143,3,40,6,68
HOTEL NASCO,ALBERGO,4,CSO,SEMPIONE,69,7137,8,83,6,211
HOTEL NETTUNO,ALBERGO,1,VIA,TADINO ALESSANDRO,27,2109,3,22,4,53
HOTEL NEW MILANO,ALBERGO,1,VIA,LULLI GIOVANNI,18,2253,3,9,3,16
HOTEL NEW YORK,ALBERGO,3,VIA,PIRELLI GIOVANNI BATTISTA,5,1195,2,69,5,132
HOTEL NHOW,ALBERGO,4,VIA,TORTONA,35,5124,6,244,9,484
HOTEL NICOSIA,ALBERGO,1,CSO,VERCELLI,1,6193,7,7,3,15
HOTEL NIZZA,ALBERGO,2,VIA,PORPORA NICOLA ANTONIO,18,2229,3,11,3,23
HOTEL NUOVO,ALBERGO,1,PZA,BECCARIA CESARE,6,306,1,15,3,33
HOTEL NUOVO BISCIONE,ALBERGO,3,VIA,SANTA MARIA FULCORINA,15,630,1,25,4,34
HOTEL NUOVO MARGHERA,ALBERGO,3,VIA,MARGHERA,2,6280,7,50,4,76
HOTEL NUOVO METRO,ALBERGO,3,VLE,MONZA,120,2274,2,15,4,25
HOTEL ORO BLU,ALBERGO,3,PLE,LOTTO LORENZO,14,6539,8,27,4,48
HOTEL PAGANINI,ALBERGO,1,VIA,PAGANINI NICCOLO',6,2238,3,8,3,23
HOTEL PANIZZA,ALBERGO,3,VIA,PANIZZA BARTOLOMEO,5,6208,7,16,4,32
HOTEL PARMA,ALBERGO,2,VIA,PIERO DELLA FRANCESCA,48,7188,8,25,4,40
HOTEL PERUGINO,ALBERGO,3,VIA,PERUGINO,12,3198,4,32,4,54
HOTEL PIACENZA,ALBERGO,3,VIA,PIACENZA,4,4064,5,24,2,34
HOTEL PIOLA,ALBERGO,2,VIA,PESTALOZZA ALESSANDRO,28,2248,3,13,4,25
HOTEL POLIZIANO FIERA,ALBERGO,4,VIA,POLIZIANO,11,7196,8,100,8,204
HOTEL PORTA VENEZIA,ALBERGO,1,VIA,CASTALDI PANFILO,26,2119,3,12,3,20
HOTEL PRINCIPE DI SAVOIA,ALBERGO,-1,PZA,DELLA REPUBBLICA,17,1055,2,313,9,623
HOTEL PRINCIPE EUGENIO,ALBERGO,1,VIA,AOSTA,2,7227,8,15,3,24
HOTEL RAFAEL,ALBERGO,3,VIA,OLGETTINA,60,2530,3,216,8,439
HOTEL RAFFAELLO,ALBERGO,4,VLE,CERTOSA,108,7174,8,126,5,223
HOTEL RALLYE,ALBERGO,2,VIA,MARCELLO BENEDETTO,59,2128,3,16,4,25
HOTEL REGENCY,ALBERGO,4,VIA,ARIMONDI GIUSEPPE,12,7179,8,71,5,125
HOTEL REGINA,ALBERGO,4,VIA,CORRENTI CESARE,13,555,1,43,5,59
HOTEL REX,ALBERGO,3,VIA,MARCO D'AGRATE,35,4276,5,52,7,104
HOTEL RITTER,ALBERGO,3,CSO,GARIBALDI GIUSEPPE,68,1010,1,89,7,172
HOTEL ROMANA RESIDENCE,RESIDENCE,4,CSO,DI PORTA ROMANA,64,402,1,72,6,147
HOTEL ROSSOVINO,ALBERGO,1,VIA,BARTOLOZZI FRANCESCO,9,3267,4,7,3,12
HOTEL RUBENS,ALBERGO,4,VIA,RUBENS PIETRO,21,6597,7,87,5,150
HOTEL SALERNO,ALBERGO,2,VIA,VITRUVIO,18,2134,3,19,3,39
HOTEL SALUS,ALBERGO,1,VIA,ROSSI PELLEGRINO,59,1510,9,21,3,36
HOTEL SAN FRANCISCO,ALBERGO,3,VLE,LOMBARDIA,55,2400,3,28,4,55
HOTEL SAN GUIDO,ALBERGO,3,VIA,FARINI CARLO,1,0,8,31,4,47
HOTEL SAN MARCO,ALBERGO,1,VIA,PICCINNI NICOLA,25,2236,3,11,1,24
HOTEL SAN SIRO FIERA,ALBERGO,2,VIA,NOVARA,371,6624,7,18,3,33
HOTEL SAN TOMASO,ALBERGO,1,VLE,TUNISIA,6,2121,3,12,1,25
HOTEL SANPI,ALBERGO,4,VIA,PALAZZI LAZZARO,18,2171,3,79,6,160
HOTEL SANT AMBREUS,ALBERGO,3,VLE,PAPINIANO,14,5097,1,52,4,84
HOTEL SCALA NORD,ALBERGO,3,VIA,FERRUCCI FRANCESCO,10,7150,8,71,8,95
HOTEL SERENA,ALBERGO,3,VIA,BOSCOVICH RUGGERO,59,2131,3,51,5,108
HOTEL SHERATON DIANA MAJESTIC,ALBERGO,4,VLE,PIAVE,42,2179,3,105,6,205
HOTEL SIENA,ALBERGO,2,VIA,CASTALDI PANFILO,17,2119,3,15,1,25
HOTEL SILVER,ALBERGO,4,VIA,LOMBARDI RICCARDO,11,6893,7,75,6,150
HOTEL SIR EDWARD,ALBERGO,4,VIA,MAZZINI GIUSEPPE,4,516,1,38,5,70
HOTEL SIRO,ALBERGO,1,VIA,VENINI GIULIO E CORRADO,59,2258,2,10,1,21
HOTEL SOPERGA,ALBERGO,3,VIA,SOPERGA,24,2262,2,78,5,134
HOTEL STAR,ALBERGO,3,VIA,DEI BOSSI,5,115,1,30,4,48
HOTEL STAZIONE,ALBERGO,2,VIA,PIRELLI GIOVANNI BATTISTA,5,1195,2,10,3,23
HOTEL TECO,ALBERGO,3,VIA,SPALLANZANI LAZZARO,27,2153,3,28,4,80
HOTEL TERMINAL,ALBERGO,3,VIA,PONTE SEVESO,38,1203,2,47,5,95
HOTEL THE BEST,ALBERGO,2,VIA,MARCELLO BENEDETTO,83,2128,3,28,3,56
HOTEL TIRRENO,ALBERGO,1,PZA,ASPROMONTE,18,2246,3,10,3,16
HOTEL TOWN HOUSE 31,ALBERGO,4,VIA,GOLDONI CARLO,31,3183,6,18,4,32
HOTEL TRENTINA,ALBERGO,2,VIA,LIPPI FILIPPINO,50,2196,3,10,3,20
HOTEL TRIESTE,ALBERGO,2,VIA,MARCO POLO,13,1103,9,27,4,62
HOTEL TRIPOLI,ALBERGO,1,PLE,TRIPOLI,3,6130,6,10,3,20
HOTEL VALGANNA,ALBERGO,3,VIA,VARE' GIOVANNI BATTISTA,32,1245,9,36,4,72
HOTEL VALLEY,ALBERGO,1,VIA,SOPERGA,19,2262,2,11,3,22
HOTEL VENEZIA,ALBERGO,1,VIA,JOMMELLI NICCOLO',49,2426,3,10,3,17
HOTEL VERONA,ALBERGO,1,VIA,TENCA CARLO,12,2118,2,19,3,25
HOTEL VIENNA,ALBERGO,3,VIA,ASTOLFO,5,2566,3,23,5,35
HOTEL VIRGILIO,ALBERGO,2,VIA,PIERLUIGI GIOVANNI DA PALESTRINA,30,0,2,45,3,63
HOTEL VITTORIA,ALBERGO,4,VIA,CALVI PIETRO,32,3083,4,40,5,58
HOTEL WAGNER,ALBERGO,4,VIA,BUONARROTI MICHELANGELO,13,6253,7,49,8,93
HOTEL WINDSOR,ALBERGO,4,VIA,GALILEI GALILEO,2,1102,2,103,7,196
HOTEL ZURIGIO,ALBERGO,3,CSO,ITALIA,11,526,1,39,3,70
HOTELA ALBA,ALBERGO,1,VIA,PORPORA NICOLA ANTONIO,132,2229,3,7,3,12
IDEA HOTEL MILANO BICOCCA,ALBERGO,4,VIA,DELLA GIUSTIZIA,10,1410,2,145,7,290
IDEA HOTEL MILANO CENTRALE,ALBERGO,3,VIA,TORRIANI NAPO,28,2126,2,71,5,98
IDEA HOTEL MILANO CORSO GENOVA,ALBERGO,3,VIA,CONCA DEL NAVIGLIO,20,5180,1,105,6,199
IDEA HOTEL MILANO LORENTEGGIO,ALBERGO,4,VIA,LORENTEGGIO,278,0,0,128,7,242
IDEA HOTEL MILANO SAN SIRO,ALBERGO,4,VIA,AIRAGHI GAETANO,125,6330,7,234,9,432
IDEA HOTEL MILANO WATTTREDICI,ALBERGO,4,VIA,WATT GIACOMO,13,5292,6,87,6,169
IL LEONARDO DA VINCI,RESIDENCE,4,VIA,SENIGALLIA,6,1708,9,423,13,922
ISCHIA,ALBERGO,1,VIA,LIPPI FILIPPINO,43,2196,3,7,3,12
JOLIE,ALBERGO,1,VIA,GOLDONI CARLO,31,3183,6,18,4,28
JOLLY HOTEL PRESIDENT,ALBERGO,4,LGO,AUGUSTO,10,315,1,242,8,530
JOLLY TOURING,ALBERGO,4,VIA,TARCHETTI IGINIO UGO,2,1060,1,282,10,577
KLICK HOTEL,ALBERGO,1,VIA,ANTONIO DA RECANATE,2,2215,2,10,3,16
LA CARAVELLA,ALBERGO,2,VIA,HAJECH CAMILLO,18,3091,4,11,3,16
LA DARSENA,RESIDENCE,3,VIA,VIGEVANO,13,5116,6,75,4,204
LE QUERCIE,ALBERGO,2,VIA,JACOPO DELLA QUERCIA,6,6541,7,14,4,24
LEONARDO DA VINCI,ALBERGO,1,PZA,LEONARDO DA VINCI,10,2208,3,13,3,20
LEONARDO DA VINCI,ALBERGO,4,VIA,SENIGALLIA,6,1708,9,298,8,864
LOCANDA GELSOMINA,ALBERGO,2,VIA,PIERO DELLA FRANCESCA,4,7188,8,10,1,25
LORETO,ALBERGO,2,VIA,BAMBAIA,4,2278,2,14,2,25
MAGNA PARS SUITES MILANO,ALBERGO,-1,VIA,FORCELLA VINCENZO,6,5127,6,28,2,60
MAISON MOSCHINO,ALBERGO,4,VLE,MONTE GRAPPA,12,1101,9,65,5,135
MAJORCA,ALBERGO,3,VIA,PELLIZZONE ANDREA,12,3314,3,34,5,53
MARRIOT HOTEL,ALBERGO,4,VIA,WASHINGTON GIORGIO,66,6111,7,323,7,646
MARY HOTEL FIERA,ALBERGO,2,VIA,PRINCIPE EUGENIO,45,7223,8,10,3,25
MEC HOTEL,ALBERGO,3,VIA,TITO LIVIO,4,4086,4,40,4,71
MELIA  MILANO,ALBERGO,5,VIA,MASACCIO,19,6420,8,288,10,487
MERANO,ALBERGO,1,VIA,LAZZARETTO,10,2112,3,11,1,25
MERCURE HOTEL,ALBERGO,4,VIA,ORSEOLO PIETRO,1,5113,6,59,5,101
MIHOTEL,ALBERGO,4,VIA,DEI FONTANILI,26,4224,5,57,5,75
MINI HOTEL AOSTA,ALBERGO,3,PZA,DUCA D'AOSTA,16,1200,2,63,7,110
MINI HOTEL LA SPEZIA,ALBERGO,4,VIA,SPEZIA,25,5268,5,76,6,128
MINI HOTEL PORTELLO,ALBERGO,4,VIA,SILVA GUGLIELMO,12,6400,8,96,4,202
MINI HOTEL TIZIANO,ALBERGO,4,VIA,TIZIANO VECELLIO,6,6380,8,54,3,84
MIRAGE TRE,RESIDENCE,3,VIA,LEPONTINA,8,1147,9,60,3,82
MONTEBIANCO,ALBERGO,4,VIA,MONTE ROSA,90,6388,8,44,3,79
MURILLO,ALBERGO,2,VLE,MURILLO S.B.,22,6551,7,25,3,46
MY HOTEL MILANO,ALBERGO,2,VIA,TRIESTE,15,6261,7,10,3,12
NH MACHIAVELLI,ALBERGO,4,VIA,LAZZARETTO,5,2112,2,103,6,203
NOVOTEL MILANO LINATE AEROPORTO,ALBERGO,4,VIA,MECENATE,121,3323,4,208,8,416
NOVOTEL MILANO NORD,ALBERGO,4,VLE,SUZZANI GIOVANNI,13,1446,9,172,7,344
NUOVO MONOPOLE,ALBERGO,3,VIA,FILZI FABIO,43,1190,2,71,7,125
OASI VILLAGE HOTEL,ALBERGO,3,VLE,LOMBARDIA,20,2400,3,14,4,25
PALAZZO DELLE STELLINE,ALBERGO,3,CSO,MAGENTA,61,604,1,105,6,167
PAOLA,ALBERGO,1,VIA,PORPORA NICOLA ANTONIO,16,2229,3,10,3,24
PARK HYATT MILANO,ALBERGO,5,VIA,GROSSI TOMMASO,1,105,1,106,7,212
PENSIONE ARIS,ALBERGO,1,VIA,CANONICA LUIGI,79,7121,8,12,1,17
PENSIONE CAPRI,ALBERGO,1,VLE,DEI MILLE,24,3115,3,11,3,20
PENSIONE CUBA,ALBERGO,1,VIA,RICORDI GIOVANNI,14,2251,3,9,3,14
PENSIONE EVA,ALBERGO,1,VIA,LAZZARETTO,17,2112,2,9,2,20
PENSIONE FIORELLA,ALBERGO,2,VIA,MARGHERA,14,6280,7,20,1,35
PENSIONE LANTERNA,ALBERGO,1,VIA,ARCHIMEDE,121,3086,4,7,3,16
PENSIONE ORIENTE,ALBERGO,1,VIA,PORPORA NICOLA ANTONIO,52,2229,3,10,3,19
PETIT PALAIS,RESIDENCE,4,VIA,MOLINO DELLE ARMI,1,591,1,17,4,23
PIAN DELLA NAVE,RESIDENCE,3,VIA,LAMBRATE,9,2421,3,67,9,200
PICCOLO HOTEL,ALBERGO,3,VIA,PIERO DELLA FRANCESCA,60,7188,8,31,4,53
QUARK DUE,RESIDENCE,4,VIA,LAMPEDUSA,11,5329,5,106,7,229
R.T.A. ATAHOTEL DE ANGELI,ALBERGO,4,VIA,TRIVULZIO ANTONIO TOLOMEO,8,6277,7,68,5,192
R.T.A. COLA MONTANO,RESIDENCE,2,VIA,COLA MONTANO,29,1139,9,21,4,21
R.T.A. LE GARE,ALBERGO,4,VIA,MACCHI MAURO,49,2133,2,22,6,67
RADISSON BLU HOTEL MILAN,ALBERGO,4,UNKNOWN,UNKNOWN,24,0,0,259,9,518
RADISSON BLU HOTEL MILAN,ALBERGO,4,VIA,VILLAPIZZONE,24,7272,8,250,9,500
RAMADA PLAZA MILANO,ALBERGO,4,VIA,STAMIRA D'ANCONA,27,2337,2,167,7,334
RESIDENCE 2GI,RESIDENCE,2,VIA,AJRAGHI CESARE,30,7276,8,17,3,22
RESIDENCE ATAHOTEL LINEA UNO,RESIDENCE,4,VLE,MONZA,139,2274,2,89,7,254
RESIDENCE ATAHOTEL THE BIG,RESIDENCE,4,VIA,DE CRISTOFORIS CARLO,6,1120,9,125,10,245
RESIDENCE BIANCA CROCE,RESIDENCE,3,VIA,PALADINI ETTORE,7,3236,3,63,9,115
RESIDENCE BOCCONI,RESIDENCE,4,VIA,SIRACUSA,5,4032,1,48,4,97
RESIDENCE BONNET,RESIDENCE,2,VIA,BONNET NINO,6,1109,0,19,5,45
RESIDENCE BORGONUOVO,RESIDENCE,4,VIA,BORGONUOVO,1,139,1,16,4,32
RESIDENCE CERVA,RESIDENCE,3,VIA,CERVA,16,314,1,7,4,7
RESIDENCE CIMAROSA,RESIDENCE,3,VIA,CIMAROSA DOMENICO,19,6291,7,23,4,27
RESIDENCE COLONNA,RESIDENCE,3,VIA,COLONNA VITTORIA,48,6284,7,13,3,26
RESIDENCE DESENZANO,RESIDENCE,3,VIA,DESENZANO,12,6610,7,60,6,115
RESIDENCE DI CORSO ITALIA,RESIDENCE,4,CSO,ITALIA,34,526,1,41,5,81
RESIDENCE DONATELLO,RESIDENCE,4,VIA,DONATELLO,10,2214,3,10,2,20
RESIDENCE FUTURA,RESIDENCE,4,VIA,MONTESSORI MARIA,14,3361,4,56,6,133
RESIDENCE GIAMBELLINO DI LAURA FIAMBERTI,RESIDENCE,2,VIA,GIAMBELLINO,9,5136,6,9,3,18
RESIDENCE INTERNATIONAL,RESIDENCE,4,VIA,MODENA GUSTAVO,4,3122,3,37,7,59
RESIDENCE L M5,RESIDENCE,3,VIA,MURATORI LODOVICO,5,4076,4,24,4,48
RESIDENCE LE CORTI,RESIDENCE,2,PZA,BUONARROTI MICHELANGELO,31,6252,7,23,4,24
RESIDENCE LORETO,RESIDENCE,3,VIA,RANCATI ILARIONE,3,2321,2,45,5,80
RESIDENCE MISSORI,RESIDENCE,4,VIA,ALBRICCI ALBERICO,4,337,1,73,9,158
RESIDENCE OSOPPO,RESIDENCE,4,VIA,FRASSINETTI ROMEO,2,6563,7,25,5,77
RESIDENCE POLA,RESIDENCE,4,VIA,POLA,4,1156,2,39,5,52
RESIDENCE PORTELLO,RESIDENCE,3,VIA,GHIBERTI LORENZO,1,6542,7,16,4,32
RESIDENCE SIGIERI,RESIDENCE,3,VIA,SIGIERI GOFFREDO,3,4080,4,19,4,24
RESIDENCE SILOE,RESIDENCE,4,VIA,CESARI ANTONIO,19,1603,9,89,7,199
RESIDENCE VIP S,RESIDENCE,4,VIA,PANTANO,8,334,1,38,5,99
RESIDENCEMIGNONCASE TRE,RESIDENCE,3,VIA,MELLONI MACEDONIO,17,3085,4,16,4,26
RESIDENZA CHIARALBA,RESIDENCE,3,VIA,POMPONAZZI PIETRO,3,5246,5,7,4,14
RESIDENZA DELLE CITTA,RESIDENCE,4,VIA,MACCHI MAURO,79,2133,2,31,5,93
RIO,ALBERGO,3,VIA,MAZZINI GIUSEPPE,8,516,1,42,6,61
ROYAL,ALBERGO,3,VIA,GOLDONI CARLO,84,3183,6,14,4,25
SAN GIOVANNI,ALBERGO,1,VIA,REINA FRANCESCO,18,3255,4,11,3,20
SARA,ALBERGO,2,VIA,SACCHINI ANTONIO GASPARE,17,2252,3,18,3,36
SORRENTO,ALBERGO,1,VLE,ESPINASSE CARLO,22,7390,8,10,3,20
SPADARI AL DUOMO,ALBERGO,4,VIA,SPADARI,11,518,1,40,7,99
ST. GEORGE HOTEL,ALBERGO,4,VLE,TUNISIA,9,2121,3,50,5,99
STARHOTELS ANDERSON,ALBERGO,4,PZA,LUIGI DI SAVOIA,20,2260,2,106,8,212
STARHOTELS BUSINESS PALACE,ALBERGO,4,VIA,GAGGIA PIETRO,3,4187,4,259,9,468
STARHOTELS E.C.H.O.,ALBERGO,4,VLE,DORIA ANDREA,4,2230,2,143,7,299
STARHOTELS RITZ,ALBERGO,4,VIA,SPALLANZANI LAZZARO,40,2153,3,207,8,386
STARHOTELS ROSA GRAND,ALBERGO,4,PZA,FONTANA,3,308,1,327,6,650
STARHOTELS TOURIST,ALBERGO,4,VLE,TESTI FULVIO,300,1441,9,140,6,250
STRAF,ALBERGO,4,VIA,SAN RAFFAELE,3,207,1,64,5,118
STYLE HOTEL,ALBERGO,1,VIA,MERCATO,1,717,1,14,2,25
SUNSET CITY,ALBERGO,3,VIA,COLOMBO GIUSEPPE,14,3201,3,10,4,17
TENCARESIDENCE,RESIDENCE,3,VIA,TENCA CARLO,11,2118,2,27,4,92
THE GRAY,ALBERGO,5,VIA,SAN RAFFAELE,6,207,1,21,5,32
THE HUB,ALBERGO,4,VIA,POLONIA,10,7505,8,162,7,306
THE WESTIN PALACE,ALBERGO,-1,PZA,DELLA REPUBBLICA,20,1055,2,228,10,441
TOWN HOUSE 12,ALBERGO,4,PZA,GERUSALEMME,12,7201,8,15,4,23
TOWN HOUSE GALLERIA,ALBERGO,-1,VIA,PELLICO SILVIO,8,0,1,18,2,25
TRENTO,ALBERGO,1,VIA,DAL POZZO TOSCANELLI PAOLO,4,2516,2,16,3,23
UNA HOTEL CENTURY,ALBERGO,4,VIA,FILZI FABIO,25,1190,2,144,17,288
UNA HOTEL MEDITERRANEO,ALBERGO,4,VIA,MURATORI LODOVICO,14,4076,4,93,6,206
UNA HOTEL SCANDINAVIA,ALBERGO,4,VIA,FAUCHE' GIOVANNI BATTISTA,15,7192,8,153,7,292
UNA HOTEL TOCQ,ALBERGO,4,VIA,DI TOCQUEVILLE ALESSIO,7,1703,9,109,6,272
UPTOWN PALACE,ALBERGO,4,VIA,SANTA SOFIA,10,408,1,158,7,318
VALLAZZE,ALBERGO,1,VIA,VALLAZZE,14,2250,3,13,3,22
VECCHIA MILANO,ALBERGO,3,VIA,BORROMEI,4,632,1,28,2,43
VILLA GIOVANNA,ALBERGO,1,VIA,WASHINGTON GIORGIO,42,6111,7,12,3,16
VILLA MIRA,ALBERGO,1,VIA,SACCHINI ANTONIO GASPARE,19,2252,3,10,3,18
VISERBA RESIDENCE,RESIDENCE,3,VIA,VISERBA,18,2417,0,47,3,96
XXII MARZO,ALBERGO,2,PZA,SANTA MARIA DEL SUFFRAGIO,3,3078,4,15,3,25
ZEFIRO,ALBERGO,4,VIA,GALLINA GIACINTO,12,3105,3,54,5,92
UNKNOWN,ALBERGO,5,CSO,CONCORDIA,1,3116,3,77,6,180
UNKNOWN,ALBERGO,3,PZA,SANT' EUSTORGIO,2,5186,1,22,4,38
UNKNOWN,RESIDENCE,2,VIA,BREMBO,27,4219,5,55,4,99
UNKNOWN,ALBERGO,4,VIA,FELTRE,19,2652,3,38,5,70
UNKNOWN,RESIDENCE,2,VIA,IPPODROMO,8,6492,8,116,5,232
UNKNOWN,ALBERGO,4,VIA,ORSEOLO PIETRO,1,5113,6,59,5,101
UNKNOWN,ALBERGO,4,VIA,SAN TOMASO,8,723,1,11,4,22
UNKNOWN,ALBERGO,4,VIA,STEPHENSON GIORGIO,55,0,0,256,9,512
UNKNOWN,ALBERGO,4,VIA,VENEZIA GIULIA,9,7500,8,115,6,230
