,Ubicazione,Tipo via,Nome via,Civico,Codice via,Municipio,Camere,Camere piano,Stelle,Insegna,Piani totali,Piano piano,Posti letto,Posti letto per piano,Tipo struttura
0,ALZ NAVIGLIO GRANDE N. 8 (z.d. 6),ALZ,NAVIGLIO GRANDE,8,5144.0,6,14.0,,4,HOTEL MAISON BORELLA,,,25.0,,Albergo
1,codvia 0000 num.024  ; (),codvia,0000,24,,,259.0,259,4,radisson blu hotel milan,,,518.0,518,Albergo
2,CSO BUENOS AIRES N. 18 (z.d. 3),CSO,BUENOS AIRES,18,2129.0,3,16.0,16,1,hotel aurora,1.0,1,25.0,25,Albergo
3,CSO BUENOS AIRES N. 26 (z.d. 3),CSO,BUENOS AIRES,26,2129.0,3,25.0,,3,hotel buenos aires,,,39.0,,Albergo
4,CSO BUENOS AIRES N. 2 (z.d. 3),CSO,BUENOS AIRES,2,2129.0,3,46.0,15;11;8,3,albergo fenice,4.0,1;2;3;4,98.0,24;19;13,Albergo
5,CSO BUENOS AIRES N. 33 (z.d. 3),CSO,BUENOS AIRES,33,2129.0,3,65.0,0,4,GALAXY G SRL,,,97.0,0,Albergo
6,CSO BUENOS AIRES N. 3 (z.d. 3),CSO,BUENOS AIRES,3,2129.0,3,116.0,4;23;24;24,4,cristoforo colombo,4.0,2;3;4;5,191.0,5;38;40;40,Albergo
7,CSO COLOMBO CRISTOFORO N. 15 (z.d. 6),CSO,COLOMBO CRISTOFORO,15,5114.0,6,39.0,,3,hotel minerva,,,60.0,,Albergo
8,CSO COLOMBO CRISTOFORO N. 15 (z.d. 6),CSO,COLOMBO CRISTOFORO,15,5114.0,6,44.0,0,3,hotel minerva,,,67.0,0,Albergo
9,CSO CONCORDIA N. 1 (z.d. 3),CSO,CONCORDIA,1,3116.0,3,77.0,,5,,,,180.0,,Albergo
10,CSO DI PORTA ROMANA N. 48 (z.d. 1),CSO,DI PORTA ROMANA,48,402.0,1,56.0,,4,hotel lloyd,,,100.0,,Albergo
11,CSO DI PORTA ROMANA N. 64 (z.d. 1),CSO,DI PORTA ROMANA,64,402.0,1,72.0,,4,hotel romana residence,6.0,,147.0,,Albergo
12,CSO EUROPA N. 9 (z.d. 1),CSO,EUROPA,9,300.0,1,89.0,12;12;12;12;12;11;5,4,hotel galileo,7.0,1;2;3;4;5;6;7,159.0,22;22;22;22;22;21;6,Albergo
13,CSO GARIBALDI GIUSEPPE N. 68 (z.d. 1),CSO,GARIBALDI GIUSEPPE,68,1010.0,1,89.0,,3,hotel ritter,7.0,,172.0,,Albergo
14,CSO GARIBALDI GIUSEPPE N. 84 (z.d. 1),CSO,GARIBALDI GIUSEPPE,84,1010.0,1,98.0,14;14;14;14;14;14;14,4,carlyle brera hotel,7.0,1;2;3;4;5;6;7,203.0,29;29;29;29;29;29;29,Albergo
15,CSO ITALIA N. 34 (z.d. 1),CSO,ITALIA,34,526.0,1,41.0,,4,residence di corso italia,,,81.0,,Residence
16,CSO ITALIA num.011/a ; (z.d. 1),CSO,ITALIA,11/a,,1,39.0,8;16;17,3,hotel zurigio,3.0,T;1;2,70.0,14;24;21,Albergo
17,CSO LODI N. 4 (z.d. 5),CSO,LODI,4,4068.0,5,21.0,21,,hotel five,,,43.0,43,Albergo
18,CSO LODI N. 74 (z.d. 4),CSO,LODI,74,4068.0,4,27.0,,1,hotel del sud,,,46.0,,Albergo
19,CSO MAGENTA N. 61 (z.d. 1),CSO,MAGENTA,61,604.0,1,105.0,,3,palazzo delle stelline,,,167.0,,Albergo
20,CSO MAGENTA N. 78 (z.d. 1),CSO,MAGENTA,78,604.0,1,16.0,16,3,antica locanda leonardo,1.0,1,35.0,35,Albergo
21,CSO MAGENTA num.019 ; (z.d. 1),CSO,MAGENTA,19,,1,48.0,8,4,hotel king,6.0,1;2;3;4;5;6,96.0,16;17;15,Albergo
22,CSO MATTEOTTI GIACOMO num.004/6 cinque stelle lusso; (z.d. 1),CSO,MATTEOTTI GIACOMO,4/6,218.0,1,154.0,154,l,boscolo hotel exedra,,,308.0,308,Albergo
23,CSO SEMPIONE N. 69 (z.d. 8),CSO,SEMPIONE,69,7137.0,8,83.0,,4,hotel nasco,,,211.0,,Albergo
24,CSO SEMPIONE num.091 ; (z.d. 8),CSO,SEMPIONE,91,,8,113.0,0,4,enterprise hotel,,,216.0,0,Albergo
25,CSO VENTIDUE MARZO N. 32 (z.d. 4),CSO,VENTIDUE MARZO,32,3074.0,4,9.0,,1,hotel america,,,18.0,,Albergo
26,CSO VENTIDUE MARZO N. 43 (z.d. 4),CSO,VENTIDUE MARZO,43,3074.0,4,9.0,0,1,hotel el diablo,,,15.0,0,Albergo
27,CSO VERCELLI N. 1 (z.d. 7),CSO,VERCELLI,1,6193.0,7,7.0,,1,hotel nicosia,,,15.0,,Albergo
28,CSO VERCELLI N. 55 (z.d. 7),CSO,VERCELLI,55,6193.0,7,14.0,5;5;4,1,ferrari,3.0,R;1;2,25.0,8;10;7,Albergo
29,CSO VERCELLI N. 61 (z.d. 7),CSO,VERCELLI,61,6193.0,7,40.0,11;11,3,hotel metro,2.0,1;2,64.0,19;19,Albergo
30,GLL BUENOS AIRES N. 5 sembra avere come indirizzo ufficiale corso buenos aires 42 ma ermes non riconosce il civico (z.d. 3),GLL,BUENOS AIRES,5,2146.0,3,60.0,3;10;;;;4;13,4,hotel city,7.0,1;6;2;5;4;7;3,100.0,3;14;;;;7;22,Albergo
31,GLL DEL CORSO N. 3 (z.d. 1),GLL,DEL CORSO,3,305.0,1,87.0,12;16;16;14;12;10;4,4,hotel ambasciatori,7.0,3;4;5;6;7;8;9,150.0,23;26;32;26;24;17;9,Albergo
32,LGO AUGUSTO N. 10 (z.d. 1),LGO,AUGUSTO,10,315.0,1,242.0,19;36;30;34;33;27;26,4,jolly hotel president,8.0,1;2;3;4;5;6;7;8,530.0,38;70;59;69;67;55;49,Albergo
33,LGO CARROBBIO num.002 ;,LGO,CARROBBIO,2,542.0,1.0,52.0,8;8;8;8;8;8,3,hotel ariston,6.0,1;2;3;4;5;6,95.0,15;15;15;12;10;10,Albergo
34,LGO RIO DE JANEIRO N. 12 (z.d. 3),LGO,RIO DE JANEIRO,12,3174.0,3,29.0,0,4,hotel dieci,,,41.0,0,Albergo
35,PLE CORVETTO LUIGI EMANUELE N. 5 (z.d. 4),PLE,CORVETTO LUIGI EMANUELE,5,4174.0,4,15.0,3;6;6,1,hotel corvetto,3.0,R;1;2,25.0,4;7;7,Albergo
36,PLE LOTTO LORENZO N. 14 (z.d. 8),PLE,LOTTO LORENZO,14,6539.0,8,27.0,,3,HOTEL ORO BLU,,,48.0,,Albergo
37,PLE PRINCIPESSA CLOTILDE N. 10 (z.d. 9),PLE,PRINCIPESSA CLOTILDE,10,1061.0,9,57.0,0,3,hotel cervo,,,79.0,0,Albergo
38,PLE TRIPOLI N. 3 (z.d. 6),PLE,TRIPOLI,3,6130.0,6,10.0,,1,hotel tripoli,,,20.0,,Albergo
39,PZA ASPROMONTE N. 18 (z.d. 3),PZA,ASPROMONTE,18,2246.0,3,10.0,,1,hotel tirreno,,,16.0,,Albergo
40,PZA ASPROMONTE N. 22 (z.d. 3),PZA,ASPROMONTE,22,2246.0,3,29.0,5;6;6,3,hotel florence,,1;2;3,56.0,9;11;11,Albergo
41,PZA ASPROMONTE num.012/14 ; (z.d. 3),PZA,ASPROMONTE,12/14,2246.0,3,19.0,4;8;7,3,hotel aspromonte,3.0,T;1;2,31.0,9;12;10,Albergo
42,PZA BECCARIA CESARE N. 6 subingresso con riduzione came; (z.d. 1),PZA,BECCARIA CESARE,6,306.0,1,15.0,7;20;10,1,hotel nuovo,,1;2;3,33.0,14;37;13,Albergo
43,PZA BUONARROTI MICHELANGELO N. 31 r.t.a.con 23 alloggi e 24 p.l.; (z.d. 7),PZA,BUONARROTI MICHELANGELO,31,6252.0,7,23.0,,2,residence le corti,,,24.0,,Residence
44,PZA CINQUE GIORNATE N. 6 (z.d. 1),PZA,CINQUE GIORNATE,6,3053.0,1,22.0,,2,hotel cinque giornate,,,48.0,,Albergo
45,PZA DEL DUOMO N. 25 (z.d. 1),PZA,DEL DUOMO,25,1.0,1,161.0,29;30;50;38;22;2,4,grand hotel duomo,7.0,1;2;3;4;5;A,244.0,42;46;62;60;31;3,Albergo
46,PZA DELLA REPUBBLICA N. 13 (z.d. 2),PZA,DELLA REPUBBLICA,13,1055.0,2,99.0,6;6;6;6;6;6;6;6;6;6,I,duca di milano,,1;2;3;4;5;6;7;8;9;0,189.0,11;11;11;11;11;11;11;11;11;11,Albergo
47,PZA DELLA REPUBBLICA N. 17 (z.d. 2),PZA,DELLA REPUBBLICA,17,1055.0,2,302.0,412,5,HOTEL PRINCIPE DI SAVOIA,,,725.0,812,Albergo
48,PZA DELLA REPUBBLICA N. 17 (z.d. 2),PZA,DELLA REPUBBLICA,17,1055.0,2,313.0,48;50;41;41;41;43;10;10;10,I,hotel principe di savoia,,1;2;3;4;5;6;7;8;9,623.0,76;81;71;71;85;70;18;18;18,Albergo
49,PZA DELLA REPUBBLICA N. 20 (z.d. 2),PZA,DELLA REPUBBLICA,20,1055.0,2,228.0,6;28;29;26;24;13,I,the westin palace,,A;1;2;3;4;5;6;7;8;9,441.0,11;48;43;37;22;20,Albergo
50,PZA DUCA D'AOSTA N. 16 (z.d. 2),PZA,DUCA D'AOSTA,16,1200.0,2,63.0,9,3,mini hotel aosta,7.0,1;2;3;4;5;6;7,110.0,15;16,Albergo
51,PZA DUCA D'AOSTA N. 9 (z.d. 2),PZA,DUCA D'AOSTA,9,1200.0,2,243.0,45;42;43;43;43;47,l,hotel execelsior gallia,8.0,1;2;3;4;5;6,448.0,79;71;73;74;69;67,Albergo
52,PZA FONTANA N. 3 (z.d. 1),PZA,FONTANA,3,308.0,1,327.0,45;43;45;41;6;1,4,starhotels rosa grand,,1;2;3;4;5;6,650.0,78;76;74;64;10;1,Albergo
53,PZA GERUSALEMME N. 12 (z.d. 8),PZA,GERUSALEMME,12,7201.0,8,15.0,0,4,town house 12,,,23.0,0,Albergo
54,PZA GERUSALEMME N. 6 (z.d. 8),PZA,GERUSALEMME,6,7201.0,8,119.0,15;15;15;15;16;10,4,hotel mozart,,1;2;3;4;5;6,208.0,26;26;26;26;26;12,Albergo
55,PZA LEONARDO DA VINCI N. 10 (z.d. 3),PZA,LEONARDO DA VINCI,10,2208.0,3,13.0,0,1,leonardo da vinci,,,20.0,0,Albergo
56,PZA LIMA N. 2 num.001 ; (z.d. 3),PZA,LIMA,2,2135.0,3,198.0,,4,hotel galles,,,395.0,,Albergo
57,PZA LUIGI DI SAVOIA N. 20 (z.d. 2),PZA,LUIGI DI SAVOIA,20,2260.0,2,106.0,13;14,4,starhotels anderson,,1;2;3;4;5;6;7;8,212.0,16;17,Albergo
58,PZA MISSORI GIUSEPPE N. 1 (z.d. 1),PZA,MISSORI GIUSEPPE,1,525.0,1,167.0,,4,hotel dei cavalieri,9.0,,305.0,,Albergo
59,PZA OBERDAN GUGLIELMO N. 12 (z.d. 3),PZA,OBERDAN GUGLIELMO,12,2108.0,3,30.0,0,3,hotel mercure milano centro porta venezi,,,57.0,0,Albergo
60,PZA SANTA MARIA BELTRADE N. 4 (z.d. 1),PZA,SANTA MARIA BELTRADE,4,514.0,1,48.0,,3,hotel gritti,,,78.0,,Albergo
61,PZA SANTA MARIA DEL SUFFRAGIO N. 3 (z.d. 4),PZA,SANTA MARIA DEL SUFFRAGIO,3,3078.0,4,15.0,0,2,xxii marzo,,,25.0,0,Albergo
62,PZA SANT' EUSTORGIO N. 2 (z.d. 1),PZA,SANT' EUSTORGIO,2,5186.0,1,22.0,,3,,,,38.0,,Albergo
63,VIA AIRAGHI GAETANO N. 125 num.000 ; (z.d. 7),VIA,AIRAGHI GAETANO,125,6330.0,7,234.0,0,4,idea hotel milano san siro,,,432.0,0,Albergo
64,VIA AJRAGHI CESARE N. 30 suap; (z.d. 8),VIA,AJRAGHI CESARE,30,7276.0,8,17.0,0,2,residence 2gi,,,22.0,0,Residence
65,VIA ALBRICCI ALBERICO N. 4 (z.d. 1),VIA,ALBRICCI ALBERICO,4,337.0,1,73.0,11;11;12;11;6;6;5;7;4,4,residence missori,9.0,3;4;5;6;7;8;2;9;0,158.0,24;24;24;22;14;16;12;14;8,Residence
66,VIA ANTONIO DA RECANATE N. 2 (z.d. 2),VIA,ANTONIO DA RECANATE,2,2215.0,2,10.0,,1,KLICK HOTEL,,,16.0,,Albergo
67,VIA AOSTA N. 2 (z.d. 8),VIA,AOSTA,2,7227.0,8,15.0,,1,hotel principe eugenio,,,24.0,,Albergo
68,VIA AOSTA N. 2 (z.d. 8),VIA,AOSTA,2,7227.0,8,15.0,,3,hotel bogart 2,,,25.0,,Albergo
69,VIA ARCHIMEDE N. 121 (z.d. 4),VIA,ARCHIMEDE,121,3086.0,4,7.0,1;3;3,1,pensione lanterna,3.0,T;1;2,16.0,2;7;7,Albergo
70,VIA ARCHIMEDE N. 79 (z.d. 4),VIA,ARCHIMEDE,79,3086.0,4,14.0,14,2,HOTEL CASTELLETTO,,,22.0,22,Albergo
71,VIA ARCHIMEDE num.086/88 ;,VIA,ARCHIMEDE,86/88,3086.0,4.0,14.0,6;8,2,hotel delizia,2.0,R;1,25.0,12;12,Albergo
72,VIA ARIMONDI GIUSEPPE N. 12 (z.d. 8),VIA,ARIMONDI GIUSEPPE,12,7179.0,8,71.0,12;12;11;12;12,4,hotel regency,,4;5;3;1;2,125.0,18;18;18;18;18,Albergo
73,VIA ARIOSTO LODOVICO N. 22 (z.d. 1),VIA,ARIOSTO LODOVICO,22,6184.0,1,48.0,1;14;14;12;12,3,hotel ariosto,5.0,R;1;2;3;4,96.0,1;21;21;19;18,Albergo
74,VIA ASTOLFO N. 5 (z.d. 3),VIA,ASTOLFO,5,2566.0,3,23.0,4;5,3,hotel vienna,5.0,1;2;3;4;5,35.0,5;4,Albergo
75,VIA ASTOLFO N. 6 (z.d. 3),VIA,ASTOLFO,6,2566.0,3,21.0,5;6;6;6,3,hotel lugano,4.0,R;1;2;3,31.0,8;9;9;9,Albergo
76,VIA BAMBAIA N. 4 (z.d. 2),VIA,BAMBAIA,4,2278.0,2,14.0,9;6,2,loreto,,1;2,25.0,16;8,Albergo
77,VIA BARACCHINI FLAVIO N. 12 (z.d. 1),VIA,BARACCHINI FLAVIO,12,356.0,1,177.0,0,4,hotel brunelleschi,,,259.0,0,Albergo
78,VIA BARTOLOZZI FRANCESCO N. 9 (z.d. 4),VIA,BARTOLOZZI FRANCESCO,9,3267.0,4,7.0,7,1,hotel rossovino,,,12.0,12,Albergo
79,VIA BASSI UGO num.001/a ; (z.d. 9),VIA,BASSI UGO,1/a,1143.0,9,134.0,35;26;30;30;19,4,holiday inn milan garibaldi station,,1;2;3;4;5,272.0,60;48;53;50;26,Albergo
80,VIA BENEFATTORI DELL'OSPEDALE N. 24 (z.d. 9),VIA,BENEFATTORI DELL'OSPEDALE,24,1522.0,9,10.0,3;4,1,albergo sicilia,,1;2,19.0,5;6,Albergo
81,VIA BONNET NINO num.006/b ;,VIA,BONNET NINO,6/b,1109.0,9.0,19.0,2;4;4;4;2,2,residence bonnet,5.0,1;2;5;6;7,45.0,10;30;30;30;5,Residence
82,VIA BORGONUOVO N. 1 (z.d. 1),VIA,BORGONUOVO,1,139.0,1,16.0,4;4;4;3,4,residence borgonuovo,4.0,1;2;3;4,32.0,7;7;7;8,Residence
83,VIA BORROMEI N. 4 (z.d. 1),VIA,BORROMEI,4,632.0,1,28.0,16;10,3,vecchia milano,2.0,1;2,43.0,23;17,Albergo
84,VIA BOSCOVICH RUGGERO N. 21 deleg. somministr. zheng ruile; (z.d. 2),VIA,BOSCOVICH RUGGERO,21,2131.0,2,35.0,5;10;10;10,3,hotel bolzano,4.0,T;1;2;3,68.0,7;16;16;18,Albergo
85,VIA BOSCOVICH RUGGERO N. 43 (z.d. 3),VIA,BOSCOVICH RUGGERO,43,2131.0,3,14.0,,3,hotel bagliori,,,19.0,,Albergo
86,VIA BOSCOVICH RUGGERO N. 59 (z.d. 3),VIA,BOSCOVICH RUGGERO,59,2131.0,3,51.0,51,3,hotel serena,,,108.0,108,Albergo
87,VIA BREMBO N. 27 (z.d. 5),VIA,BREMBO,27,4219.0,5,55.0,,2,,,,99.0,,Residence
88,VIA BRESSANONE num.004/a ; (),VIA,BRESSANONE,4/a,7425.0,8.0,80.0,18,4,hotel arizona,,1;2;3;4;5,120.0,24,Albergo
89,VIA BRIVIO CESARE N. 33 (z.d. 9),VIA,BRIVIO CESARE,33,1502.0,9,12.0,0,2,HOTEL BRIVIO,,,21.0,0,Albergo
90,VIA BROGLIO EMILIO N. 28 (z.d. 9),VIA,BROGLIO EMILIO,28,1246.0,9,7.0,,2,HOTEL BOVISA,,,9.0,,Albergo
91,VIA BROLETTO N. 46 (z.d. 1),VIA,BROLETTO,46,720.0,1,54.0,13;10;10;10;8,3,hotel centro,5.0,1;2;3;4;5,94.0,24;18;18;18;10,Albergo
92,VIA BUONARROTI MICHELANGELO N. 13 (z.d. 7),VIA,BUONARROTI MICHELANGELO,13,6253.0,7,49.0,5;10;9;5;5;5;5;5,4,hotel wagner,8.0,1;2;3;4;5;6;7;8,93.0,9;20;19;9;9;9;9;9,Albergo
93,VIA BUTTI ENRICO N. 9 (z.d. 9),VIA,BUTTI ENRICO,9,1292.0,9,110.0,0,4,hotel milton milano,,,308.0,0,Albergo
94,VIA CACCIANINO ANTONIO N. 10 (z.d. 3),VIA,CACCIANINO ANTONIO,10,2419.0,3,8.0,8,1,hotel ambra,,,18.0,18,Albergo
95,VIA CADIBONA N. 2 (z.d. 4),VIA,CADIBONA,2,3339.0,4,30.0,0,3,hotel molise2,,,42.0,0,Albergo
96,VIA CALVI PIETRO N. 32 (z.d. 4),VIA,CALVI PIETRO,32,3083.0,4,40.0,0,4,hotel vittoria,,,58.0,0,Albergo
97,VIA CANONICA LUIGI N. 38 (z.d. 1),VIA,CANONICA LUIGI,38,7121.0,1,45.0,9;9;9;9;9,3,hotel europeo,5.0,1;2;3;4;5,70.0,21;21;21;21;21,Albergo
98,VIA CANONICA LUIGI N. 79 (z.d. 8),VIA,CANONICA LUIGI,79,7121.0,8,12.0,12,1,pensione aris,1.0,1,17.0,17,Albergo
99,VIA CAPPELLINI ALFREDO N. 18 (z.d. 2),VIA,CAPPELLINI ALFREDO,18,2130.0,2,81.0,16;16;17;17;15,3,hotel delle nazioni,5.0,1;2;3;4;5,163.0,25;25;27;26;21,Albergo
100,VIA CARCANO FILIPPO N. 37 (z.d. 7),VIA,CARCANO FILIPPO,37,6389.0,7,12.0,,1,hotel   leonardo,,,22.0,,Albergo
101,VIA CARCANO FILIPPO N. 39 (z.d. 7),VIA,CARCANO FILIPPO,39,6389.0,7,11.0,11,1,hotel amendola fiera,,,23.0,23,Albergo
102,VIA CARCANO FILIPPO N. 47 (z.d. 7),VIA,CARCANO FILIPPO,47,6389.0,7,8.0,4;4,1,gianni,2.0,R;1,10.0,5;5,Albergo
103,VIA CARDANO GEROLAMO N. 1 (z.d. 9),VIA,CARDANO GEROLAMO,1,1187.0,9,254.0,0,4,hotel four points sheraton milan centre,,,465.0,0,Albergo
104,VIA CASATI FELICE N. 18 (z.d. 3),VIA,CASATI FELICE,18,2122.0,3,99.0,16;16;16,4,albergo felice casati,,1;2;3,145.0,22;22;22,Albergo
105,VIA CASELLA GIOVANNI BATTISTA N. 61 (z.d. 8),VIA,CASELLA GIOVANNI BATTISTA,61,7382.0,8,86.0,10;10;10;10;10,4,hotel mirage,,1;2;3;4;5,132.0,16;16;16;16;16,Albergo
106,VIA CASTALDI PANFILO N. 16 (z.d. 3),VIA,CASTALDI PANFILO,16,2119.0,3,25.0,0;0,3,hotel brianza,,;,36.0,0;0,Albergo
107,VIA CASTALDI PANFILO N. 17 (z.d. 3),VIA,CASTALDI PANFILO,17,2119.0,3,15.0,15,2,hotel siena,1.0,1,25.0,25,Albergo
108,VIA CASTALDI PANFILO N. 26 (z.d. 3),VIA,CASTALDI PANFILO,26,2119.0,3,12.0,,1,hotel porta venezia,,,20.0,,Albergo
109,VIA CASTALDI PANFILO N. 7 (z.d. 2),VIA,CASTALDI PANFILO,7,2119.0,2,52.0,13,4,hotel baviera,4.0,1;2;3;4,92.0,19;18,Albergo
110,VIA CASTELFIDARDO N. 2 (z.d. 1),VIA,CASTELFIDARDO,2,1043.0,1,11.0,,2,antica locanda solferino,,,21.0,,Albergo
111,VIA CATALANI ALFREDO N. 69 (z.d. 3),VIA,CATALANI ALFREDO,69,2425.0,3,20.0,3;4;4;4;4;1,1,albergo la pace,6.0,1;2;3;4;5;6,33.0,6;0;0;0;0;2,Albergo
112,VIA CATALANI ALFREDO N. 71 (z.d. 3),VIA,CATALANI ALFREDO,71,2425.0,3,20.0,4;6;6;1,2,hotel catalani e madrid,4.0,R;1;2;3,38.0,8;13;13;1,Albergo
113,VIA CERVA N. 16 residence cerva; (z.d. 1),VIA,CERVA,16,314.0,1,7.0,,3,residence cerva,,,7.0,,Residence
114,VIA CESARI ANTONIO N. 19 (z.d. 9),VIA,CESARI ANTONIO,19,1603.0,9,89.0,18;16;13;3,4,residence siloe,,1;2;3;4;5;6;7,199.0,37;27;29;9,Residence
115,VIA CESENA N. 20 (z.d. 8),VIA,CESENA,20,7226.0,8,35.0,,3,hotel corallo,,,48.0,,Albergo
116,VIA CIMAROSA DOMENICO N. 19 (z.d. 7),VIA,CIMAROSA DOMENICO,19,6291.0,7,23.0,,3,residence cimarosa,,,27.0,,Residence
117,VIA CIMAROSA DOMENICO N. 6 (z.d. 7),VIA,CIMAROSA DOMENICO,6,6291.0,7,66.0,,4,hotel capitol millennium,,,111.0,,Albergo
118,VIA COLA MONTANO N. 29 (z.d. 9),VIA,COLA MONTANO,29,1139.0,9,21.0,0,2,r.t.a. cola montano,,,21.0,0,Residence
119,VIA COLOMBO GIUSEPPE N. 14 (z.d. 3),VIA,COLOMBO GIUSEPPE,14,3201.0,3,10.0,0,3,sunset city,,,17.0,0,Albergo
120,VIA COLONNA VITTORIA N. 48 (z.d. 7),VIA,COLONNA VITTORIA,48,6284.0,7,13.0,1;6;6,3,residence colonna,3.0,R;2;3,26.0,2;12;12,Residence
121,VIA CONCA DEL NAVIGLIO N. 20 (z.d. 1),VIA,CONCA DEL NAVIGLIO,20,5180.0,1,105.0,0,3,idea hotel milano corso genova,,,199.0,0,Albergo
122,VIA COPERNICO NICOLO' num.018/20 ; (z.d. 2),VIA,COPERNICO NICOLO',18/20,1204.0,2,53.0,4;12;3,3,hotel club,6.0,T;1;2;3;4;5,73.0,5;16,Albergo
123,VIA CORNALIA EMILIO N. 7 (z.d. 9),VIA,CORNALIA EMILIO,7,1182.0,9,26.0,3;9,2,class,3.0,1;2;3,52.0,6;18,Residence
124,VIA CORRENTI CESARE N. 13 (z.d. 1),VIA,CORRENTI CESARE,13,555.0,1,43.0,,4,hotel regina,,,59.0,,Albergo
125,VIA CORTINA D'AMPEZZO N. 17 (z.d. 5),VIA,CORTINA D'AMPEZZO,17,4259.0,5,13.0,0,2,hotel alessander,,,23.0,0,Albergo
126,VIA CUSANI N. 13 (z.d. 1),VIA,CUSANI,13,719.0,1,92.0,0,4,hotel bonaparte,,,234.0,0,Albergo
127,VIA CUSTODI PIETRO N. 2 (z.d. 5),VIA,CUSTODI PIETRO,2,5199.0,5,31.0,,1,"hotel ""la vignetta""",,,56.0,,Albergo
128,VIA DAL POZZO TOSCANELLI PAOLO N. 4 (z.d. 2),VIA,DAL POZZO TOSCANELLI PAOLO,4,2516.0,2,16.0,6;6;4,1,trento,3.0,1;2;3,23.0,8;9;6,Albergo
129,VIA DANDOLO ENRICO N. 2 (z.d. 1),VIA,DANDOLO ENRICO,2,3028.0,1,24.0,,3,albergo pavone,,,50.0,,Albergo
130,VIA DE ALBERTIS SEBASTIANO N. 7 (z.d. 3),VIA,DE ALBERTIS SEBASTIANO,7,3138.0,3,11.0,0,2,hotel de albertis,,,18.0,0,Albergo
131,VIA DE CRISTOFORIS CARLO N. 6 (z.d. 9),VIA,DE CRISTOFORIS CARLO,6,1120.0,9,125.0,7;19;76;8,4,residence atahotel the big,,1;2;3;4;5;6;7;8;9;0,245.0,16;36,Albergo
132,VIA DEI BOSSI N. 5 (z.d. 1),VIA,DEI BOSSI,5,115.0,1,30.0,9;9;7;5,3,hotel star,4.0,1;2;3;4,48.0,14;14;13;7,Albergo
133,VIA DEI FONTANILI N. 26 (z.d. 5),VIA,DEI FONTANILI,26,4224.0,5,57.0,57,4,mihotel,,,75.0,75,Albergo
134,VIA DEI MISSAGLIA N. 14 (z.d. 5),VIA,DEI MISSAGLIA,14,5340.0,5,19.0,,3,hotel giardino,,,24.0,,Albergo
135,VIA DELLA GIUSTIZIA N. 10 (z.d. 2),VIA,DELLA GIUSTIZIA,10,1410.0,2,145.0,0,4,idea hotel milano bicocca,,,290.0,0,Albergo
136,VIA DELLE FORZE ARMATE N. 8 (z.d. 7),VIA,DELLE FORZE ARMATE,8,6643.0,7,12.0,0,1,hotel edy,1.0,,25.0,0,Albergo
137,VIA DELL' ORSO N. 7 (z.d. 1),VIA,DELL' ORSO,7,123.0,1,62.0,62,4,hotel milano scala,,,115.0,115,Albergo
138,VIA DEL MARE N. 93 (z.d. 5),VIA,DEL MARE,93,5318.0,5,87.0,0,3,hotel alga,,,159.0,0,Albergo
139,VIA DESENZANO N. 12 (z.d. 7),VIA,DESENZANO,12,6610.0,7,60.0,12;9;6,3,residence desenzano,6.0,R;1;2;3;4;S,115.0,20;24;23;12,Residence
140,VIA DI TOCQUEVILLE ALESSIO N. 7 numero civico 7/d; (z.d. 9),VIA,DI TOCQUEVILLE ALESSIO,7,1703.0,9,109.0,0,4,una hotel tocq,,,272.0,0,Albergo
141,VIA DOMENICHINO N. 41 (z.d. 7),VIA,DOMENICHINO,41,6383.0,7,64.0,21;11;10;8,3,hotel domenichino,5.0,1;2;3;4;5;6,110.0,29;16;15;12,Albergo
142,VIA DOMODOSSOLA N. 16 (z.d. 8),VIA,DOMODOSSOLA,16,7152.0,8,60.0,10;10;10;10;10;10,4,hotel admiral,6.0,1;2;3;4;5;6,102.0,17;17;17;17;17;17,Albergo
143,VIA DONATELLO num.010/12 ; (z.d. 3),VIA,DONATELLO,10/12,2214.0,3,10.0,4;6,4,residence donatello,2.0,T;1,20.0,12;16,Residence
144,VIA EDOLO N. 18 (z.d. 2),VIA,EDOLO,18,1217.0,2,17.0,,1,BIO CITY HOTEL,,,32.0,,Albergo
145,VIA FARINI CARLO num.001/a ; (z.d. 8),VIA,FARINI CARLO,1/a,,8,31.0,7;8;8;8,3,hotel san guido,4.0,1;2;3;4,47.0,11;12;12;12,Albergo
146,VIA FATEBENEFRATELLI N. 21 (z.d. 1),VIA,FATEBENEFRATELLI,21,144.0,1,121.0,35;0;21;15,4,hotel cavour,5.0,1;2;3;4;5,224.0,55;0;39;38;36;24,Albergo
147,VIA FAUCHE' GIOVANNI BATTISTA N. 15 (z.d. 8),VIA,FAUCHE' GIOVANNI BATTISTA,15,7192.0,8,153.0,0,4,una hotel scandinavia,,,292.0,0,Albergo
148,VIA FELTRE N. 19 n. civico 19/b (z.d. 3),VIA,FELTRE,19,2652.0,3,38.0,,4,,,,70.0,,Albergo
149,VIA FERRUCCI FRANCESCO N. 10 (z.d. 8),VIA,FERRUCCI FRANCESCO,10,7150.0,8,71.0,11;12;12;12;12;8;8;7,3,hotel scala nord,8.0,R;1;2;3;4;5;6;7,95.0,16;17;17;17;17;10;10;10,Albergo
150,VIA FILZI FABIO N. 3 (z.d. 2),VIA,FILZI FABIO,3,1190.0,2,67.0,5;29;10;10;10;4,4,hotel marconi,6.0,T;1;2;3;4;5,98.0,6;42;15;15;15;4,Albergo
151,VIA FILZI FABIO N. 43 (z.d. 2),VIA,FILZI FABIO,43,1190.0,2,71.0,7;13;13;13;13;13;11,3,nuovo monopole,,1;2;3;4;5;6;7,125.0,11;17;17;17;17;17;16,Albergo
152,VIA FILZI FABIO num.025/a ; (z.d. 2),VIA,FILZI FABIO,25/a,1190.0,2,144.0,4;9;9;9;9;9;9;9;9;9,4,una hotel century,17.0,1;2;3;4;5;6;7;8;9;0,288.0,10;23;23;23;23;23;23;23;23;23,Albergo
153,VIA FINOCCHIARO APRILE N. 11 (z.d. 2),VIA,FINOCCHIARO APRILE,11,2120.0,2,49.0,13;13;13,3,albergo sempione,,1;2;3,101.0,19;19;19,Albergo
154,VIA FINOCCHIARO APRILE N. 2 (z.d. 2),VIA,FINOCCHIARO APRILE,2,2120.0,2,439.0,0,3,hotel ibis milano centro,,,636.0,0,Albergo
155,VIA F.LLI GABBA N. 7 (z.d. 1),VIA,F.LLI GABBA,7,146.0,1,59.0,0,,bulgari hotels  E  resorts milano,,,118.0,0,Albergo
156,VIA FLUMENDOSA N. 35 (z.d. 2),VIA,FLUMENDOSA,35,2522.0,2,43.0,7;9,3,hotel agape,5.0,T;1;2;3;4,75.0,13;16,Albergo
157,VIA FORCELLA VINCENZO N. 6 (z.d. 6),VIA,FORCELLA VINCENZO,6,5127.0,6,28.0,,,MAGNA PARS SUITES MILANO,,,60.0,,Albergo
158,VIA FRA' GALGARIO N. 4 (z.d. 7),VIA,FRA' GALGARIO,4,6607.0,7,10.0,,1,hotel emmy,,,20.0,,Albergo
159,VIA FRA' GALGARIO N. 4 (z.d. 7),VIA,FRA' GALGARIO,4,6607.0,7,12.0,0,1,hotel gambara,1.0,,24.0,0,Albergo
160,VIA FRASSINETTI ROMEO N. 2 (z.d. 7),VIA,FRASSINETTI ROMEO,2,6563.0,7,25.0,0,4,residence osoppo,,,77.0,0,Residence
161,VIA FUMAGALLI ANGELO CARLO N. 4 (z.d. 6),VIA,FUMAGALLI ANGELO CARLO,4,5149.0,6,103.0,24;16;15,4,art hotel navigli,5.0,1;2;3;4;5,205.0,48;31;30,Albergo
162,VIA GAFFURIO FRANCHINO N. 1 (z.d. 3),VIA,GAFFURIO FRANCHINO,1,2138.0,3,19.0,,1,calipso,,,32.0,,Albergo
163,VIA GAGGIA PIETRO N. 3 (z.d. 4),VIA,GAGGIA PIETRO,3,4187.0,4,259.0,,4,starhotels business palace,,,468.0,,Albergo
164,VIA GALILEI GALILEO N. 2 (z.d. 2),VIA,GALILEI GALILEO,2,1102.0,2,103.0,18;18;18;18;18;27;17,4,hotel windsor,,1;2;3;4;5;8;7,196.0,27;27;27;27;27;18;27,Albergo
165,VIA GALLARATE N. 2 (z.d. 8),VIA,GALLARATE,2,7420.0,8,17.0,0,2,hotel bel sit,,,25.0,0,Albergo
166,VIA GALLINA GIACINTO N. 12 (z.d. 3),VIA,GALLINA GIACINTO,12,3105.0,3,54.0,,4,zefiro,5.0,,92.0,,Albergo
167,VIA GALLI RICCARDO N. 8 (z.d. 8),VIA,GALLI RICCARDO,8,6405.0,8,27.0,7;;6;,3,HOTEL LIDO,4.0,R;1;M;2,36.0,10;;6;,Albergo
168,VIA GALVANI LUIGI N. 12 (z.d. 2),VIA,GALVANI LUIGI,12,1179.0,2,320.0,46;67;68;47;51;23;20;10,4,hilton milan,8.0,2;3;4;5;6;7;8;9,469.0,61;88;87;63;66;44;35;17,Albergo
169,VIA GASPAROTTO LEOPOLDO N. 8 (z.d. 2),VIA,GASPAROTTO LEOPOLDO,8,1205.0,2,97.0,25;28;9;10;0;26,4,hotel madison,,2;1;R;4;;3,150.0,34;38;25;20;0;33,Albergo
170,VIA GESU' N. 10 (z.d. 1),VIA,GESU',10,227.0,1,118.0,18;35;34;11,5,four season hotel milan,4.0,T;1;2;3,240.0,36;70;68;22,Albergo
171,VIA GHIBERTI LORENZO N. 1 (z.d. 7),VIA,GHIBERTI LORENZO,1,6542.0,7,16.0,,3,residence portello,,,32.0,,Residence
172,VIA GIAMBELLINO N. 9 (z.d. 6),VIA,GIAMBELLINO,9,5136.0,6,9.0,9,2,residence giambellino di laura fiamberti,,,18.0,18,Residence
173,VIA GIOIA MELCHIORRE N. 6 (z.d. 9),VIA,GIOIA MELCHIORRE,6,1108.0,9,99.0,0,4,grand hotel verdi,,,198.0,0,Albergo
174,VIA GIOIA MELCHIORRE N. 73 (z.d. 2),VIA,GIOIA MELCHIORRE,73,1108.0,2,109.0,0,4,crowne plaza milan city,,,218.0,0,Albergo
175,VIA GIULINI GIORGIO N. 6 (z.d. 1),VIA,GIULINI GIORGIO,6,613.0,1,10.0,0,4,camperio house hotel  E  residence,,,20.0,0,Albergo
176,VIA GIUSTI GIUSEPPE N. 6 (z.d. 1),VIA,GIUSTI GIUSEPPE,6,7127.0,1,72.0,6;20;20;22;22;18;18;6,3,giusti 6,7.0,R;1;2;3;4;5;6;7,169.0,13;48;48;54;54;48;48;6,Residence
177,VIA GOLDONI CARLO N. 31 iniziale; (z.d. 6),VIA,GOLDONI CARLO,31,3183.0,6,18.0,0,4,hotel town house 31,,,32.0,0,Albergo
178,VIA GOLDONI CARLO N. 31 (z.d. 6),VIA,GOLDONI CARLO,31,3183.0,6,18.0,3;6;6;3,1,jolie,4.0,T;1;2;3,28.0,4;9;9;6,Albergo
179,VIA GOLDONI CARLO N. 84 3 e 4 piano; (z.d. 6),VIA,GOLDONI CARLO,84,3183.0,6,14.0,0,3,royal,,,25.0,0,Albergo
180,VIA GOLDONI CARLO N. 84 via goldoni 84 2^ piano; (z.d. 3),VIA,GOLDONI CARLO,84,3183.0,3,10.0,10,2,hotel marlene,,,17.0,17,Albergo
181,VIA GROSSI TOMMASO N. 1 licenza rilasciata dallo suap; (z.d. 1),VIA,GROSSI TOMMASO,1,105.0,1,106.0,0,5,park hyatt milano,,,212.0,0,Albergo
182,VIA HAJECH CAMILLO N. 18 (z.d. 4),VIA,HAJECH CAMILLO,18,3091.0,4,11.0,0,2,la caravella,,,16.0,0,
183,VIA HOEPLI ULRICO N. 6 (z.d. 1),VIA,HOEPLI ULRICO,6,190.0,1,109.0,,4,hotel de la ville,,,208.0,,Albergo
184,VIA INGEGNOLI FRANCESCO N. 20 (z.d. 3),VIA,INGEGNOLI FRANCESCO,20,2559.0,3,16.0,0,1,hotel adelchi lambrate,,,25.0,0,Albergo
185,VIA IPPODROMO N. 8 (z.d. 8),VIA,IPPODROMO,8,6492.0,8,116.0,,2,,,,232.0,,Residence
186,VIA JACOPO DELLA QUERCIA N. 6 (z.d. 7),VIA,JACOPO DELLA QUERCIA,6,6541.0,7,14.0,3;3;3;1,2,le quercie,4.0,R;1;2;M,24.0,4;5;4;3,Albergo
187,VIA JOMMELLI NICCOLO' N. 49 (z.d. 3),VIA,JOMMELLI NICCOLO',49,2426.0,3,10.0,,1,hotel venezia,,,17.0,,Albergo
188,VIA LAMBRATE N. 9 (z.d. 3),VIA,LAMBRATE,9,2421.0,3,67.0,3;2;8;9;9;9;7;6;10;4,3,pian della nave,9.0,T;R;1;2;3;4;5;6;7;8,200.0,8;6;24;27;27;27;21;18;30;12,Residence
189,VIA LAMPEDUSA N. 11 (z.d. 5),VIA,LAMPEDUSA,11,5329.0,5,328.0,,4,atahotel quark,,,736.0,,Albergo
190,VIA LAMPEDUSA num.011/a ; (z.d. 5),VIA,LAMPEDUSA,11/a,,5,106.0,17;4,4,quark due,7.0,1;2;3;4;5;6;7,229.0,36;13,Residence
191,VIA LARIO N. 40 (z.d. 9),VIA,LARIO,40,1171.0,9,7.0,0,1,albergo lario,,,17.0,0,Albergo
192,VIA LAZZARETTO N. 10 (z.d. 3),VIA,LAZZARETTO,10,2112.0,3,11.0,11,1,merano,1.0,1,25.0,25,Albergo
193,VIA LAZZARETTO N. 17 (z.d. 2),VIA,LAZZARETTO,17,2112.0,2,9.0,,1,pensione eva,2.0,,20.0,,Albergo
194,VIA LAZZARETTO N. 17 (z.d. 2),VIA,LAZZARETTO,17,2112.0,2,10.0,9,1,arno,1.0,4,16.0,14,Albergo
195,VIA LAZZARETTO N. 5 angolo finocchiaro aprile; (z.d. 2),VIA,LAZZARETTO,5,2112.0,2,103.0,0,4,nh machiavelli,,,203.0,0,Albergo
196,VIA LENTASIO N. 3 (z.d. 1),VIA,LENTASIO,3,410.0,1,64.0,18;18;14;10;3,4,ascot,5.0,1;2;3;4;5,99.0,24;24;22;17;6,Albergo
197,VIA LEPETIT ROBERTO N. 15 (z.d. 2),VIA,LEPETIT ROBERTO,15,2096.0,2,48.0,3;9;9;9;9;9,4,colombia,6.0,R;1;2;3;4;5,81.0,4;16;16;16;15;14,Albergo
198,VIA LEPETIT ROBERTO N. 33 (z.d. 2),VIA,LEPETIT ROBERTO,33,2096.0,2,57.0,12;12;11;10;8,3,florida,5.0,1;2;3;4;5,98.0,20;20;20;18;16,Albergo
199,VIA LEPETIT ROBERTO N. 7 (z.d. 2),VIA,LEPETIT ROBERTO,7,2096.0,2,25.0,6;7;7;5,1,boston,4.0,1;2;3;4,41.0,9;10;11;5,Albergo
200,VIA LEPONTINA N. 8 (z.d. 9),VIA,LEPONTINA,8,1147.0,9,60.0,25;20;15,3,mirage tre,3.0,1;2;3,82.0,36;31;15,Residence
201,VIA LIPPI FILIPPINO N. 28 (z.d. 3),VIA,LIPPI FILIPPINO,28,2196.0,3,22.0,,2,hotel gran sasso,,,39.0,,Albergo
202,VIA LIPPI FILIPPINO N. 43 (z.d. 3),VIA,LIPPI FILIPPINO,43,2196.0,3,7.0,2;3;2,1,ischia,3.0,1;2;3,12.0,4;5;3,Albergo
203,VIA LIPPI FILIPPINO N. 50 (z.d. 3),VIA,LIPPI FILIPPINO,50,2196.0,3,10.0,2;3,2,hotel trentina,3.0,T;1;2,20.0,4;2,Albergo
204,VIA LODOVICO IL MORO N. 117 (z.d. 6),VIA,LODOVICO IL MORO,117,5290.0,6,51.0,0,4,hotel cà bianca corte del naviglio,,,102.0,0,Albergo
205,VIA LOMBARDI RICCARDO N. 11 annessa dipendenza 3 stelle; (z.d. 7),VIA,LOMBARDI RICCARDO,11,6893.0,7,75.0,0,4,hotel silver,,,150.0,0,Albergo
206,VIA LORENTEGGIO num.278 ;,VIA,LORENTEGGIO,278,,,128.0,,4,IDEA HOTEL MILANO LORENTEGGIO,,,242.0,,Albergo
207,VIA LUDOVICO DI BREME N. 77 (z.d. 8),VIA,LUDOVICO DI BREME,77,7396.0,8,240.0,0,4,double tree by hilton milan,,,480.0,0,Albergo
208,VIA LULLI GIOVANNI N. 11 (z.d. 3),VIA,LULLI GIOVANNI,11,2253.0,3,22.0,,1,hotel loris,,,25.0,,Albergo
209,VIA LULLI GIOVANNI N. 18 (z.d. 3),VIA,LULLI GIOVANNI,18,2253.0,3,9.0,0,1,hotel new milano,3.0,,16.0,0,Albergo
210,VIA LULLI GIOVANNI N. 22 (z.d. 3),VIA,LULLI GIOVANNI,22,2253.0,3,11.0,0;0,2,astrid,,;,23.0,0;0,Albergo
211,VIA LULLI GIOVANNI N. 4 (z.d. 3),VIA,LULLI GIOVANNI,4,2253.0,3,9.0,,1,hotel viola,,,14.0,,Albergo
212,VIA MACCHI MAURO N. 1 (z.d. 2),VIA,MACCHI MAURO,1,2133.0,2,52.0,13;13;13;13,4,hotel mediolanum,4.0,1;2;3;4,93.0,25;25;25;23,Albergo
213,VIA MACCHI MAURO N. 49 (z.d. 2),VIA,MACCHI MAURO,49,2133.0,2,22.0,2;4;4;4;4;4,4,r.t.a. le gare,6.0,T;1;2;3;4;5,67.0,7;12;12;12;12;12,Albergo
214,VIA MACCHI MAURO N. 79 (z.d. 2),VIA,MACCHI MAURO,79,2133.0,2,31.0,31,4,residenza delle citta,,,93.0,93,Residence
215,VIA MAC MAHON num.045/a ; (z.d. 8),VIA,MAC MAHON,45/a,7221.0,8,24.0,,2,hotel mac mahon,,,44.0,,Albergo
216,VIA MANIN DANIELE N. 7 (z.d. 1),VIA,MANIN DANIELE,7,1052.0,1,119.0,16;17;17;17;18;16;18,4,hotel manin,7.0,1;2;3;4;5;6;7,183.0,23;26;25;25;26;28;30,Albergo
217,VIA MANZONI ALESSANDRO N. 29 (z.d. 1),VIA,MANZONI ALESSANDRO,29,230.0,1,102.0,20;22;26;12,5 STELLE LUSSO,grand hotel et de milan,5.0,1;2;3;4;5,158.0,31;33;32;38;24,Albergo
218,VIA MANZONI ALESSANDRO N. 31 (z.d. 1),VIA,MANZONI ALESSANDRO,31,230.0,1,95.0,,5 STELLE LUSSO,ARMANI HOTEL MILANO,,,190.0,,Albergo
219,VIA MARCELLO BENEDETTO N. 47 (z.d. 3),VIA,MARCELLO BENEDETTO,47,2128.0,3,10.0,0,2,hotel due giardini,,,21.0,0,Albergo
220,VIA MARCELLO BENEDETTO N. 59 (z.d. 3),VIA,MARCELLO BENEDETTO,59,2128.0,3,16.0,1;6;6;5,2,hotel rallye,4.0,T;1;2;3,25.0,2;9;9;5,Albergo
221,VIA MARCELLO BENEDETTO N. 83 (z.d. 3),VIA,MARCELLO BENEDETTO,83,2128.0,3,28.0,3;8;8,2,hotel the best,3.0,T;1;2,56.0,6;10;9,Albergo
222,VIA MARCO D'AGRATE N. 35 (z.d. 5),VIA,MARCO D'AGRATE,35,4276.0,5,52.0,4;8;8;8;8;8;8,3,hotel rex,7.0,R;1;2;3;4;5;6,104.0,8;16;16;16;16;16;16,Albergo
223,VIA MARCO POLO N. 13 (z.d. 9),VIA,MARCO POLO,13,1103.0,9,27.0,0,2,hotel trieste,,,62.0,0,Albergo
224,VIA MARGHERA N. 14 (z.d. 7),VIA,MARGHERA,14,6280.0,7,20.0,20,2,pensione fiorella,1.0,1,35.0,35,Albergo
225,VIA MARGHERA N. 2 (z.d. 7),VIA,MARGHERA,2,6280.0,7,50.0,16;6;12,3,hotel nuovo marghera,4.0,1;3;2,76.0,29;12;22,Albergo
226,VIA MASACCIO N. 19 (z.d. 8),VIA,MASACCIO,19,6420.0,8,288.0,0,5,melia  milano,,,487.0,0,Albergo
227,VIA MAZZINI GIUSEPPE N. 10 (z.d. 1),VIA,MAZZINI GIUSEPPE,10,516.0,1,14.0,,3,HOTEL LA MADONNINA,,,25.0,,Albergo
228,VIA MAZZINI GIUSEPPE N. 4 (z.d. 1),VIA,MAZZINI GIUSEPPE,4,516.0,1,38.0,,4,hotel sir edward,,,70.0,,Albergo
229,VIA MAZZINI GIUSEPPE N. 8 (z.d. 1),VIA,MAZZINI GIUSEPPE,8,516.0,1,42.0,8;7;7;7;7;7,3,rio,6.0,1;2;3;4;5;6,61.0,10;11;11;11;11;7,Albergo
230,VIA MECENATE N. 121 (z.d. 4),VIA,MECENATE,121,3323.0,4,208.0,,4,novotel milano linate aeroporto,,,416.0,,Albergo
231,VIA MELLONI MACEDONIO N. 17 (z.d. 4),VIA,MELLONI MACEDONIO,17,3085.0,4,16.0,,3,residencemignoncase tre,,,26.0,,Residence
232,VIA MERCATO N. 1 (z.d. 1),VIA,MERCATO,1,717.0,1,14.0,5;7,1,STYLE HOTEL,2.0,1;2,25.0,8;12,Albergo
233,VIA MESSINA N. 10 (z.d. 8),VIA,MESSINA,10,7211.0,8,131.0,0,4,hotel hermitage,,,262.0,0,Albergo
234,VIA MODENA GUSTAVO N. 20 (z.d. 3),VIA,MODENA GUSTAVO,20,3122.0,3,17.0,0,1,brasil,,,25.0,0,Albergo
235,VIA MODENA GUSTAVO N. 4 (z.d. 3),VIA,MODENA GUSTAVO,4,3122.0,3,37.0,1;7;7;7;7;4;4,4,residence international,7.0,T;1;2;3;4;5;6,59.0,1;11;11;11;11;7;7,Residence
236,VIA MOLINO DELLE ARMI N. 1 attivita' promiscua rta e albe; (z.d. 1),VIA,MOLINO DELLE ARMI,1,591.0,1,17.0,0,4,petit palais,,,23.0,0,Residence
237,VIA MONETA num.001/a ; (z.d. 1),VIA,MONETA,1/a,570.0,1,33.0,,3,gran duca di york,,,60.0,,Albergo
238,VIA MONTE ROSA N. 90 (z.d. 8),VIA,MONTE ROSA,90,6388.0,8,44.0,10;17,4,montebianco,3.0,T;1;2,79.0,16;25,Albergo
239,VIA MONTESSORI MARIA N. 14 (z.d. 4),VIA,MONTESSORI MARIA,14,3361.0,4,56.0,10;9;9;9;9;9,4,residence futura,6.0,1;2;3;4;5;6,133.0,24;22;22;21;21;20,Residence
240,VIA MORIGI N. 2 (z.d. 1),VIA,MORIGI,2,633.0,1,32.0,7;7;6;6;6;6,4,hotel mentana,6.0,1;2;3;4;5;6,48.0,10;10;10;9;9;9,Albergo
241,VIA MURAT GIOACCHINO N. 21 (z.d. 9),VIA,MURAT GIOACCHINO,21,1316.0,9,133.0,;;;;,4,contessa jolanda- attività promiscua 133 appartamenti (266 posti letto) e 9 camere albergo per 18 posti letto per un totale di 284 posti letto,8.0,4;5;3;7;2,266.0,;;;;,Residence
242,VIA MURATORI LODOVICO N. 14 (z.d. 4),VIA,MURATORI LODOVICO,14,4076.0,4,93.0,0,4,una hotel mediterraneo,,,206.0,0,Albergo
243,VIA MURATORI LODOVICO N. 5 (z.d. 4),VIA,MURATORI LODOVICO,5,4076.0,4,24.0,7;7;7;3,3,residence l m5,4.0,1;2;3;4,48.0,14;14;14;6,Residence
244,VIA NICOTERA GIOVANNI N. 9 (z.d. 9),VIA,NICOTERA GIOVANNI,9,1508.0,9,41.0,41,4,acca palace,,,82.0,82,Residence
245,VIA NOVARA N. 371 (z.d. 7),VIA,NOVARA,371,6624.0,7,18.0,0,2,hotel san siro fiera,,,33.0,0,Albergo
246,VIA OLGETTINA N. 60 (z.d. 3),VIA,OLGETTINA,60,2530.0,3,216.0,216,3,hotel rafael,,,439.0,439,Albergo
247,VIA ORNATO LUIGI N. 64 (z.d. 9),VIA,ORNATO LUIGI,64,1591.0,9,144.0,93;51,3,centro alberghiero ornato,2.0,1;2,252.0,141;80,Albergo
248,VIA ORSEOLO PIETRO N. 1 (z.d. 6),VIA,ORSEOLO PIETRO,1,5113.0,6,59.0,,4,,,,101.0,,Albergo
249,VIA ORSEOLO PIETRO N. 1 (z.d. 6),VIA,ORSEOLO PIETRO,1,5113.0,6,59.0,,4,MERCURE HOTEL,,,101.0,,Albergo
250,VIA OSIMO AUGUSTO N. 10 (z.d. 4),VIA,OSIMO AUGUSTO,10,4303.0,4,64.0,0,4,corvetto residence porto di mare,,,200.0,0,Residence
251,VIA OZANAM FEDERICO N. 12 (z.d. 3),VIA,OZANAM FEDERICO,12,2143.0,3,40.0,3;8;7;6,3,hotel napoleon,6.0,T;1;2;3;4;5,68.0,5;13;12;11,Albergo
252,VIA PAGANINI NICCOLO' N. 6 (z.d. 3),VIA,PAGANINI NICCOLO',6,2238.0,3,8.0,,1,hotel paganini,,,23.0,,Albergo
253,VIA PAGANINI NICCOLO' N. 7 (z.d. 3),VIA,PAGANINI NICCOLO',7,2238.0,3,18.0,,3,HOTEL DORE',,,39.0,,Albergo
254,VIA PALADINI ETTORE N. 7 (z.d. 3),VIA,PALADINI ETTORE,7,3236.0,3,63.0,8;7;4,3,residence bianca croce,9.0,R;1;2;3;4;5;6;7;8,115.0,14;13;5,Residence
255,VIA PALAZZI LAZZARO N. 18 (z.d. 3),VIA,PALAZZI LAZZARO,18,2171.0,3,79.0,3;15;15;15;11;4;0,4,hotel sanpi,6.0,T;1;2;3;4;5;,160.0,6;26;26;26;25;10;0,Albergo
256,VIA PALLADIO ANDREA N. 8 (z.d. 5),VIA,PALLADIO ANDREA,8,4213.0,5,48.0,7;2;10;5;11;4,1,albergo palladio,7.0,T;1;2;3;4;5;6,82.0,11;3;18;10;4,Albergo
257,VIA PALMANOVA N. 153 (z.d. 2),VIA,PALMANOVA,153,2390.0,2,59.0,,,HOTEL ADAM,,,99.0,,Albergo
258,VIA PALMIERI NICOLA N. 64 (z.d. 5),VIA,PALMIERI NICOLA,64,5323.0,5,23.0,23,3,hotel autosole 2,,,46.0,46,Albergo
259,VIA PANIZZA BARTOLOMEO N. 5 2^  e 4° piano; (z.d. 7),VIA,PANIZZA BARTOLOMEO,5,6208.0,7,16.0,0,3,hotel panizza,,,32.0,0,Albergo
260,VIA PANTANO N. 8 (z.d. 1),VIA,PANTANO,8,334.0,1,38.0,0,4,residence vip s,,,99.0,0,Residence
261,VIA PAPI LAZZARO N. 18 (z.d. 4),VIA,PAPI LAZZARO,18,4071.0,4,36.0,2;3;10;10;10,3,hotel di porta romana,5.0,1;3;4;5;6,67.0,3;5;14;14;14,Albergo
262,VIA PECCHIO GIUSEPPE N. 2 (z.d. 3),VIA,PECCHIO GIUSEPPE,2,2240.0,3,26.0,0,4,hotel del corso,,,45.0,0,Albergo
263,VIA PELLIZZONE ANDREA N. 12 (z.d. 3),VIA,PELLIZZONE ANDREA,12,3314.0,3,34.0,4;6;12;6;6,3,majorca,5.0,T;1;2;3;4,53.0,9;10;18;10;6,Albergo
264,VIA PERUGINO N. 12 (z.d. 4),VIA,PERUGINO,12,3198.0,4,32.0,5;6;6;6,3,hotel perugino,4.0,1;2;3;4,54.0,7;7;10;10,Albergo
265,VIA PESTALOZZA ALESSANDRO N. 28 (z.d. 3),VIA,PESTALOZZA ALESSANDRO,28,2248.0,3,13.0,2;4;4;3,2,hotel piola,4.0,T;1;2;3,25.0,3;8;8;6,Albergo
266,VIA PIACENZA N. 4 (z.d. 5),VIA,PIACENZA,4,4064.0,5,24.0,3;21,3,hotel piacenza,2.0,R;1,34.0,4;30,Albergo
267,VIA PICCINNI NICOLA N. 25 (z.d. 3),VIA,PICCINNI NICOLA,25,2236.0,3,11.0,11,1,hotel san marco,1.0,,24.0,24,Albergo
268,VIA PIERLUIGI GIOVANNI DA PALESTRINA num.030 ; (z.d. 2),VIA,PIERLUIGI GIOVANNI DA PALESTRINA,30,,2,45.0,20;19;6,2,hotel virgilio,3.0,5;6;7,63.0,32;25;6,Albergo
269,VIA PIERO DELLA FRANCESCA N. 39 (z.d. 8),VIA,PIERO DELLA FRANCESCA,39,7188.0,8,24.0,7,3,hotel losanna,,2,47.0,10,Albergo
270,VIA PIERO DELLA FRANCESCA N. 48 (z.d. 8),VIA,PIERO DELLA FRANCESCA,48,7188.0,8,25.0,5;8;8;4,2,hotel parma,4.0,R;1;2;3,40.0,6;22;22;4,Albergo
271,VIA PIERO DELLA FRANCESCA N. 60 (z.d. 8),VIA,PIERO DELLA FRANCESCA,60,7188.0,8,31.0,0,3,piccolo hotel,,,53.0,0,Albergo
272,VIA PIERO DELLA FRANCESCA num.004/7 ; (z.d. 8),VIA,PIERO DELLA FRANCESCA,4/7,,8,10.0,0,2,locanda gelsomina,1.0,,25.0,0,Albergo
273,VIA PIRELLI GIOVANNI BATTISTA N. 5 (z.d. 2),VIA,PIRELLI GIOVANNI BATTISTA,5,1195.0,2,10.0,0,2,hotel stazione,,,23.0,0,Albergo
274,VIA PIRELLI GIOVANNI BATTISTA N. 5 (z.d. 2),VIA,PIRELLI GIOVANNI BATTISTA,5,1195.0,2,69.0,10;16;16;16;13,3,hotel new york,5.0,2;3;4;5;6,132.0,15;29;29;29;16,Albergo
275,VIA PIRELLI GIOVANNI BATTISTA N. 7 (z.d. 2),VIA,PIRELLI GIOVANNI BATTISTA,7,1195.0,2,52.0,0,4,auriga,,,91.0,0,Albergo
276,VIA PLINIO CAIO SECONDO N. 22 (z.d. 3),VIA,PLINIO CAIO SECONDO,22,2144.0,3,14.0,,1,ambrosiana,,,22.0,,Albergo
277,VIA PLINIO CAIO SECONDO N. 22 (z.d. 3),VIA,PLINIO CAIO SECONDO,22,2144.0,3,16.0,0,1,ambrosiana,,,22.0,0,Albergo
278,VIA PLINIO CAIO SECONDO N. 2 (z.d. 3),VIA,PLINIO CAIO SECONDO,2,2144.0,3,43.0,7;7;7;11;4,3,hotel demidoff,5.0,1;2;3;4;5,65.0,10;10;10;16;4,Albergo
279,VIA POERIO CARLO N. 32 (z.d. 3),VIA,POERIO CARLO,32,3181.0,3,13.0,2;5;5;2,1,albergo poerio,4.0,T;1;2;3,20.0,4;7;7;2,Albergo
280,VIA POLA N. 4 (z.d. 2),VIA,POLA,4,1156.0,2,39.0,,4,residence pola,,,52.0,,Residence
281,VIA POLIZIANO N. 11 (z.d. 8),VIA,POLIZIANO,11,7196.0,8,100.0,16;16;16;16;11;11;7;7,4,hotel poliziano fiera,8.0,1;2;3;4;5;6;7;8,204.0,32;32;32;32;22;22;16;16,Albergo
282,VIA POLONIA N. 10 (z.d. 8),VIA,POLONIA,10,7505.0,8,162.0,162,4,the hub,,,306.0,306,Albergo
283,VIA POMPONAZZI PIETRO N. 3 rta due stelle-appartam 7-14pl; (z.d. 5),VIA,POMPONAZZI PIETRO,3,5246.0,5,7.0,7,3,residenza chiaralba,,,14.0,14,Residence
284,VIA PONTE SEVESO N. 38 (z.d. 2),VIA,PONTE SEVESO,38,1203.0,2,47.0,0,3,hotel terminal,,,95.0,0,Albergo
285,VIA PORLEZZA N. 4 (z.d. 1),VIA,PORLEZZA,4,611.0,1,36.0,0,3,hotel genius down town,,,60.0,0,Albergo
286,VIA PORPORA NICOLA ANTONIO N. 132 (z.d. 3),VIA,PORPORA NICOLA ANTONIO,132,2229.0,3,7.0,7,1,hotela alba,,,12.0,12,Albergo
287,VIA PORPORA NICOLA ANTONIO N. 143 (z.d. 3),VIA,PORPORA NICOLA ANTONIO,143,2229.0,3,10.0,0,1,hotel chopin,,,21.0,0,Albergo
288,VIA PORPORA NICOLA ANTONIO N. 16 (z.d. 3),VIA,PORPORA NICOLA ANTONIO,16,2229.0,3,10.0,3;4,1,paola,3.0,R;1;2,24.0,4;7,Albergo
289,VIA PORPORA NICOLA ANTONIO N. 170 (z.d. 3),VIA,PORPORA NICOLA ANTONIO,170,2229.0,3,11.0,1;4,2,albergo iride,3.0,T;1;2,19.0,2;7,Albergo
290,VIA PORPORA NICOLA ANTONIO N. 18 (z.d. 3),VIA,PORPORA NICOLA ANTONIO,18,2229.0,3,11.0,3;4;4,2,hotel nizza,3.0,R;1;2,23.0,4;7;6,Albergo
291,VIA PORPORA NICOLA ANTONIO N. 52 (z.d. 3),VIA,PORPORA NICOLA ANTONIO,52,2229.0,3,10.0,3;3;2,1,pensione oriente,3.0,T;1;2,19.0,6;6;3,Albergo
292,VIA PORPORA NICOLA ANTONIO N. 56 (z.d. 3),VIA,PORPORA NICOLA ANTONIO,56,2229.0,3,18.0,4;6;2,3,hotel etrusco,4.0,R;1;2;3,21.0,4;7;3,Albergo
293,VIA PORPORA NICOLA ANTONIO N. 87 (z.d. 3),VIA,PORPORA NICOLA ANTONIO,87,2229.0,3,18.0,,1,hotel ca  grande,,,21.0,,Albergo
294,VIA PORRO EDOARDO N. 8 (z.d. 9),VIA,PORRO EDOARDO,8,1226.0,9,13.0,13,3,hotel ares,,,21.0,21,Albergo
295,VIA PRATI GIOVANNI N. 6 (z.d. 8),VIA,PRATI GIOVANNI,6,7149.0,8,31.0,1;10;10;10,3,hotel johnny,4.0,T;1;2;3,69.0,2;16;36;36,Albergo
296,VIA PRINCIPE EUGENIO N. 45 (z.d. 8),VIA,PRINCIPE EUGENIO,45,7223.0,8,10.0,,2,mary hotel fiera,,,25.0,,Albergo
297,VIA QUARNERO N. 4 (z.d. 7),VIA,QUARNERO,4,6263.0,7,11.0,1;5;5,1,amalfi,3.0,R;1;2,24.0,3;8;9,Albergo
298,VIA RANCATI ILARIONE N. 3 (z.d. 2),VIA,RANCATI ILARIONE,3,2321.0,2,45.0,9;9;9;9;9,3,residence loreto,5.0,1;2;3;4;5,80.0,16;16;16;16;16,Residence
299,VIA REINA FRANCESCO N. 18 (z.d. 4),VIA,REINA FRANCESCO,18,3255.0,4,11.0,11,1,san giovanni,,,20.0,20,Albergo
300,VIA RENZO E LUCIA N. 14 (z.d. 5),VIA,RENZO E LUCIA,14,5412.0,5,53.0,,3,hotel dei fiori,3.0,,108.0,,Albergo
301,VIA RICORDI GIOVANNI N. 10 (z.d. 3),VIA,RICORDI GIOVANNI,10,2251.0,3,23.0,,,HOTEL ADLER,,,47.0,,Albergo
302,VIA RICORDI GIOVANNI N. 10 (z.d. 3),VIA,RICORDI GIOVANNI,10,2251.0,3,23.0,4;8;4;4;3,3,hotel adler,5.0,T;1;2;3;4,43.0,8;13;5;5;4,Albergo
303,VIA RICORDI GIOVANNI N. 14 (z.d. 3),VIA,RICORDI GIOVANNI,14,2251.0,3,9.0,,1,pensione cuba,,,14.0,,Albergo
304,VIA RICORDI GIOVANNI N. 20 (z.d. 3),VIA,RICORDI GIOVANNI,20,2251.0,3,15.0,3;4;4;4,1,hotel malta,4.0,R;1;2;3,24.0,6;6;6;6,Albergo
305,VIA RIPAMONTI GIUSEPPE N. 102 (z.d. 5),VIA,RIPAMONTI GIUSEPPE,102,4066.0,5,18.0,0,2,apollo,,,40.0,0,Albergo
306,VIA RIPAMONTI GIUSEPPE N. 134 (z.d. 5),VIA,RIPAMONTI GIUSEPPE,134,4066.0,5,28.0,,2,hotel liguria,,,51.0,,Albergo
307,VIA ROSSI PELLEGRINO N. 59 (z.d. 9),VIA,ROSSI PELLEGRINO,59,1510.0,9,21.0,0,1,hotel salus,,,36.0,0,Albergo
308,VIA ROVELLO N. 10 (z.d. 1),VIA,ROVELLO,10,722.0,1,24.0,0,3,hotel giulio cesare,,,34.0,0,Albergo
309,VIA ROVELLO N. 3 (z.d. 1),VIA,ROVELLO,3,722.0,1,29.0,10;10;9,2,hotel london,3.0,1;2;3,49.0,12;12;9,Albergo
310,VIA RUBENS PIETRO N. 21 (z.d. 7),VIA,RUBENS PIETRO,21,6597.0,7,87.0,19;11,4,hotel rubens,5.0,1;2;3;4;5,150.0,29;25,Albergo
311,VIA RUTILIA N. 6 (z.d. 5),VIA,RUTILIA,6,4229.0,5,23.0,9;14,2,hotel garden,2.0,R;1,48.0,13;27,Albergo
312,VIA SACCHINI ANTONIO GASPARE N. 17 (z.d. 3),VIA,SACCHINI ANTONIO GASPARE,17,2252.0,3,18.0,3;7;6,2,sara,3.0,T;1;2,36.0,3;12;10,Albergo
313,VIA SACCHINI ANTONIO GASPARE N. 19 (z.d. 3),VIA,SACCHINI ANTONIO GASPARE,19,2252.0,3,10.0,1;5;4,1,villa mira,3.0,T;1;2,18.0,2;8;8,Albergo
314,VIA SALDINI CESARE N. 24 (z.d. 3),VIA,SALDINI CESARE,24,3206.0,3,45.0,,3,hotel citta  studi,,,79.0,,Albergo
315,VIA SAMMARTINI GIOVANNI BATTISTA N. 15 1ø piano; (z.d. 2),VIA,SAMMARTINI GIOVANNI BATTISTA,15,1202.0,2,17.0,17,1,hotel central station,1.0,1,25.0,25,Albergo
316,VIA SAMMARTINI GIOVANNI BATTISTA N. 15 (z.d. 2),VIA,SAMMARTINI GIOVANNI BATTISTA,15,1202.0,2,18.0,0,2,hotel ada,1.0,,25.0,0,Albergo
317,VIA SANGIORGIO ABBONDIO N. 16 (z.d. 1),VIA,SANGIORGIO ABBONDIO,16,7138.0,1,30.0,0,3,hotel lancaster,,,65.0,0,Albergo
318,VIA SAN MAMETE N. 12 (z.d. 2),VIA,SAN MAMETE,12,2413.0,2,13.0,13,1,hotel convertini,1.0,1,28.0,28,Albergo
319,VIA SAN RAFFAELE N. 3 (z.d. 1),VIA,SAN RAFFAELE,3,207.0,1,64.0,0,4,straf,,,118.0,0,Albergo
320,VIA SAN RAFFAELE N. 6 via san raffaele 7/9; (z.d. 1),VIA,SAN RAFFAELE,6,207.0,1,21.0,0,5,the gray,,,32.0,0,Albergo
321,VIA SANTA MARIA FULCORINA N. 15 (z.d. 1),VIA,SANTA MARIA FULCORINA,15,630.0,1,25.0,7;7;7;4,3,hotel nuovo biscione,4.0,1;2;3;4,34.0,10;10;10;4,Albergo
322,VIA SANTA RADEGONDA N. 14 (z.d. 1),VIA,SANTA RADEGONDA,14,,1,,,,,,,,,
323,VIA PELLICO SILVIO N. 8 (z.d. 1),VIA,PELLICO SILVIO,8,,1,18.0,0,l,town house galleria,,,25.0,0,Albergo
324,VIA SANTA SOFIA N. 10 (z.d. 1),VIA,SANTA SOFIA,10,408.0,1,158.0,,4,UPTOWN PALACE,,,318.0,,Albergo
325,VIA SANTA SOFIA N. 16 (z.d. 1),VIA,SANTA SOFIA,16,408.0,1,35.0,0,3,hotel canada,,,78.0,0,Albergo
326,VIA SAN TOMASO N. 8 Int. a (z.d. 1),VIA,SAN TOMASO,8,723.0,1,11.0,,4,,,,22.0,,Albergo
327,VIA SARONNO N. 5 (z.d. 8),VIA,SARONNO,5,7202.0,8,15.0,4;4;4;2,1,hotel mignon,4.0,1;2;3;4,24.0,6;6;6;2,Albergo
328,VIA SCARLATTI DOMENICO N. 22 (z.d. 3),VIA,SCARLATTI DOMENICO,22,2136.0,3,104.0,,3,hotel cristallo,,,223.0,,Albergo
329,VIA SCARLATTI DOMENICO N. 24 (z.d. 2),VIA,SCARLATTI DOMENICO,24,2136.0,2,78.0,3;22;21;22;22,4,andreola,5.0,T;1;2;3;4,155.0,4;34;34;33;33,Albergo
330,VIA SCARLATTI DOMENICO N. 32 (z.d. 2),VIA,SCARLATTI DOMENICO,32,2136.0,2,68.0,,4,hotel bristol,,,116.0,,Albergo
331,VIA SCARLATTI DOMENICO N. 33 (z.d. 2),VIA,SCARLATTI DOMENICO,33,2136.0,2,305.0,10;37;25;25;27;27;14;14;14;14,4,hotel michelangelo,17.0,1;2;3;4;5;6;7;8;9;0,538.0,15;68;33;40;48;48;26;26;26;26,Albergo
332,VIA SCIALOIA VITTORIO N. 3 (z.d. 9),VIA,SCIALOIA VITTORIO,3,1086.0,9,60.0,0,3,hotel la residenza,,,100.0,0,Albergo
333,VIA SENATO N. 5 (z.d. 1),VIA,SENATO,5,236.0,1,93.0,0,5,carlton hotel baglioni,,,186.0,0,Albergo
334,VIA SENIGALLIA N. 6 (z.d. 9),VIA,SENIGALLIA,6,1708.0,9,298.0,40;0;40;40;40;63;56;56;28,4,leonardo da vinci,8.0,1;;2;3;4;5;6;7;8,864.0,118;0;118;118;118;130;130;130;64,Albergo
335,VIA SENIGALLIA N. 6 (z.d. 9),VIA,SENIGALLIA,6,1708.0,9,423.0,,4,il leonardo da vinci,,,922.0,,Residence
336,VIA SETTALA LODOVICO N. 56 (z.d. 3),VIA,SETTALA LODOVICO,56,2111.0,3,7.0,1;4;2,1,hotel da xin,3.0,T;1;2,11.0,2;6;3,Albergo
337,VIA SETTALA LODOVICO N. 76 (z.d. 3),VIA,SETTALA LODOVICO,76,2111.0,3,20.0,3;4,2,hotel charly,3.0,T;1;2,34.0,6;8;4,Albergo
338,VIA SFORZA ASCANIO N. 73 (z.d. 5),VIA,SFORZA ASCANIO,73,5201.0,5,15.0,3;12,2,hotel mercurio,2.0,R;1,25.0,6;19,Albergo
339,VIA SFORZA ASCANIO N. 81 (z.d. 5),VIA,SFORZA ASCANIO,81,5201.0,5,15.0,,2,albergo marte,,,25.0,,Albergo
340,VIA SIGIERI GOFFREDO N. 3 (z.d. 4),VIA,SIGIERI GOFFREDO,3,4080.0,4,19.0,,3,residence sigieri,,,24.0,,Residence
341,VIA SILVA GUGLIELMO num.012 ; (z.d. 8),VIA,SILVA GUGLIELMO,12,6400.0,8,96.0,0;12,4,mini hotel portello,4.0,1;2;3;4,202.0,0;23;12,Albergo
342,VIA SIRACUSA num.005/7 ; (z.d. 1),VIA,SIRACUSA,5/7,4032.0,1,48.0,6;6;6;4,4,residence bocconi,4.0,T;1;2;3,97.0,15;31;31;17,Residence
343,VIA SIRTE N. 9 (z.d. 6),VIA,SIRTE,9,6116.0,6,94.0,7;8;8;8;8;8,3,hotel des etranger s,,1;2;3;4;5;6,159.0,13;14;14;14;14;13,Albergo
344,VIA SIRTORI GIUSEPPE N. 24 (z.d. 3),VIA,SIRTORI GIUSEPPE,24,2180.0,3,60.0,,3,eurohotel,,,101.0,,Albergo
345,VIA SOPERGA N. 19 (z.d. 2),VIA,SOPERGA,19,2262.0,2,11.0,0,1,hotel valley,,,22.0,0,Albergo
346,VIA SOPERGA N. 24 (z.d. 2),VIA,SOPERGA,24,2262.0,2,78.0,0,3,hotel soperga,,,134.0,0,Albergo
347,VIA SOTTOCORNO PASQUALE N. 8 (z.d. 4),VIA,SOTTOCORNO PASQUALE,8,3152.0,4,13.0,,2,hotel dover,,,24.0,,Albergo
348,VIA SPADARI N. 11 (z.d. 1),VIA,SPADARI,11,518.0,1,40.0,7;7;6;6;5;5;4,4,spadari al duomo,7.0,1;2;3;4;5;6;7,99.0,15;15;14;14;11;9;7,Albergo
349,VIA SPALLANZANI LAZZARO N. 27 (z.d. 3),VIA,SPALLANZANI LAZZARO,27,2153.0,3,28.0,,3,hotel teco,,,80.0,,Albergo
350,VIA SPALLANZANI LAZZARO N. 40 (z.d. 3),VIA,SPALLANZANI LAZZARO,40,2153.0,3,207.0,24;29;9,4,starhotels ritz,8.0,1;2;3;4;5;6;7;8,386.0,44;54;18,Albergo
351,VIA SPEZIA N. 25 rilascio licenza dallo suap; (z.d. 5),VIA,SPEZIA,25,5268.0,5,76.0,0,4,mini hotel la spezia,,,128.0,0,Albergo
352,VIA SPINOLA AMBROGIO N. 9 (z.d. 8),VIA,SPINOLA AMBROGIO,9,6369.0,8,29.0,0,3,HOTEL FIERA CONGRESSI,,,53.0,0,Albergo
353,VIA SPONTINI GASPARE N. 6 (z.d. 3),VIA,SPONTINI GASPARE,6,2141.0,3,17.0,0;6;6,1,albergo del sole,2.0,;1;2,40.0,0;19;19,Albergo
354,VIA STAMIRA D'ANCONA N. 27 (z.d. 2),VIA,STAMIRA D'ANCONA,27,2337.0,2,167.0,167,4,ramada plaza milano,,,334.0,334,Albergo
355,VIA STEPHENSON GIORGIO Int. 55,VIA,STEPHENSON GIORGIO,55,,,256.0,,4,,,,512.0,,Albergo
356,VIA TADINO ALESSANDRO N. 27 (z.d. 3),VIA,TADINO ALESSANDRO,27,2109.0,3,22.0,3;3;8;8,1,hotel nettuno,4.0,T;A;1;2,53.0,6;6;12;12,Albergo
357,VIA TARCHETTI IGINIO UGO N. 2 (z.d. 1),VIA,TARCHETTI IGINIO UGO,2,1060.0,1,282.0,0,4,jolly touring,,,577.0,0,Albergo
358,VIA TAZZOLI ENRICO N. 2 (z.d. 9),VIA,TAZZOLI ENRICO,2,1118.0,9,160.0,0,4,hotel ac milano,,,320.0,0,Albergo
359,VIA TAZZOLI ENRICO N. 7 (z.d. 9),VIA,TAZZOLI ENRICO,7,1118.0,9,35.0,23,4,hotel hua xia milano,,,41.0,24,Albergo
360,VIA TENCA CARLO N. 11 (z.d. 2),VIA,TENCA CARLO,11,2118.0,2,27.0,0,3,tencaresidence,,,92.0,0,Residence
361,VIA TENCA CARLO N. 12 (z.d. 2),VIA,TENCA CARLO,12,2118.0,2,19.0,,1,hotel verona,,,25.0,,Albergo
362,VIA TENCA CARLO N. 21 (z.d. 2),VIA,TENCA CARLO,21,2118.0,2,52.0,0,4,hotel mythos,,,79.0,0,Albergo
363,VIA TEODOSIO N. 37 (z.d. 3),VIA,TEODOSIO,37,2550.0,3,8.0,0,1,hotel galla,,,15.0,0,Albergo
364,VIA TITO LIVIO N. 4 (z.d. 4),VIA,TITO LIVIO,4,4086.0,4,40.0,0,3,mec hotel,,,71.0,0,Albergo
365,VIA TIZIANO VECELLIO N. 6 (z.d. 8),VIA,TIZIANO VECELLIO,6,6380.0,8,54.0,18;18;18,4,mini hotel tiziano,3.0,1;2;3,84.0,34;25;25,Albergo
366,VIA TOFFETTI VINCENZO N. 4 (z.d. 4),VIA,TOFFETTI VINCENZO,4,4188.0,4,26.0,9;9;8,3,hotel mistral,3.0,1;2;3,49.0,18;18;13,Albergo
367,VIA TONALE N. 14 (z.d. 2),VIA,TONALE,14,1213.0,2,28.0,3;7,3,hotel demo,,T;1;2,58.0,4;11,Albergo
368,VIA TONALE N. 2 (z.d. 2),VIA,TONALE,2,1213.0,2,62.0,15;15;15;13;4,3,hotel albert,5.0,1;2;3;4;5,102.0,26;26;26;19;5,Albergo
369,VIA TORRAZZA N. 15 (z.d. 8),VIA,TORRAZZA,15,7360.0,8,15.0,,2,hotel bonola,,,25.0,,Albergo
370,VIA TORRIANI NAPO N. 14 (z.d. 2),VIA,TORRIANI NAPO,14,2126.0,2,62.0,8;12;11;11;9;7;7,3,hotel mennini,7.0,1;2;3;4;5;6;7,122.0,14;20;19;19;18;12;10,Albergo
371,VIA TORRIANI NAPO N. 15 (z.d. 2),VIA,TORRIANI NAPO,15,2126.0,2,59.0,8;8;8;8;7;7;7;5;4,3,hotel canova,9.0,1;2;3;4;5;6;7;8;9,127.0,10;10;10;10;11;11;11;9;8,Albergo
372,VIA TORRIANI NAPO N. 17 sportello unico; (z.d. 2),VIA,TORRIANI NAPO,17,2126.0,2,16.0,0,3,dependance hotel berna,,,24.0,0,Albergo
373,VIA TORRIANI NAPO N. 18 (z.d. 2),VIA,TORRIANI NAPO,18,2126.0,2,122.0,10;21,4,HOTEL BERNA,6.0,R;1;2;3;4;5,197.0,13;31;33;32,Albergo
374,VIA TORRIANI NAPO N. 21 (z.d. 2),VIA,TORRIANI NAPO,21,2126.0,2,56.0,5;11;12;12;11;6,3,hotel garda,,T;1;2;3;4;5,98.0,8;19;19;19;19;9,Albergo
375,VIA TORRIANI NAPO N. 23 (z.d. 2),VIA,TORRIANI NAPO,23,2126.0,2,50.0,9;9;9;9;9;4,3,flora,6.0,1;2;3;4;5;6,83.0,15;15;15;15;15;7,Albergo
376,VIA TORRIANI NAPO N. 24 (z.d. 2),VIA,TORRIANI NAPO,24,2126.0,2,62.0,8;11;10,4,hotel atlantic,6.0,1;2;3;4;5;6,91.0,13;16;14,Albergo
377,VIA TORRIANI NAPO N. 27 (z.d. 2),VIA,TORRIANI NAPO,27,2126.0,2,44.0,0,3,hotel bernina,,,75.0,0,Albergo
378,VIA TORRIANI NAPO N. 28 (z.d. 2),VIA,TORRIANI NAPO,28,2126.0,2,71.0,,3,IDEA HOTEL MILANO CENTRALE,,,98.0,,Albergo
379,VIA TORRIANI NAPO N. 29 (z.d. 2),VIA,TORRIANI NAPO,29,2126.0,2,56.0,9;7;4;6;3;9;9;9,3,hotel augustus,8.0,4;5;6;S;R;1;2;3,93.0,15;11;5;10;7;15;15;15,Albergo
380,VIA TORTONA N. 35 (z.d. 6),VIA,TORTONA,35,5124.0,6,244.0,0,4,hotel nhow,,,484.0,0,Albergo
381,VIA TRIESTE N. 15 (z.d. 7),VIA,TRIESTE,15,6261.0,7,10.0,10,2,my hotel milano,,,12.0,12,Albergo
382,VIA TRIVULZIO ANTONIO TOLOMEO N. 8 (z.d. 7),VIA,TRIVULZIO ANTONIO TOLOMEO,8,6277.0,7,68.0,0,4,r.t.a. atahotel de angeli,,,192.0,0,Albergo
383,VIA UGOLINI GIUSEPPE num.021/3 ; (z.d. 9),VIA,UGOLINI GIUSEPPE,21/3,,9,8.0,8,2,hotel greco,,,20.0,20,Albergo
384,VIA VALLAZZE N. 14 (z.d. 3),VIA,VALLAZZE,14,2250.0,3,13.0,13,1,vallazze,,,22.0,22,Albergo
385,VIA VALLAZZE N. 39 (z.d. 3),VIA,VALLAZZE,39,2250.0,3,19.0,,1,hotel montecarlo,,,32.0,,Albergo
386,VIA VALVASSORI PERONI CARLO N. 85 (z.d. 3),VIA,VALVASSORI PERONI CARLO,85,2580.0,3,58.0,8;7,3,hotel gamma,7.0,1;2;3;4;5;6;7,99.0,14;9,Albergo
387,VIA VARE' GIOVANNI BATTISTA N. 32 (z.d. 9),VIA,VARE' GIOVANNI BATTISTA,32,1245.0,9,36.0,,3,hotel valganna,,,72.0,,Albergo
388,VIA VENEZIA GIULIA N. 9 (z.d. 8),VIA,VENEZIA GIULIA,9,7500.0,8,115.0,,4,,,,230.0,,Albergo
389,VIA VENINI GIULIO E CORRADO N. 59 (z.d. 2),VIA,VENINI GIULIO E CORRADO,59,2258.0,2,10.0,10,1,hotel siro,1.0,1,21.0,15,Albergo
390,VIA VIGEVANO N. 13 (z.d. 6),VIA,VIGEVANO,13,5116.0,6,75.0,75,3,la darsena,4.0,,204.0,204,Residence
391,VIA VILLAPIZZONE N. 24 (z.d. 8),VIA,VILLAPIZZONE,24,7272.0,8,250.0,259,4,radisson blu hotel milan,,,500.0,518,Albergo
392,VIA VISERBA num.018/a ; (),VIA,VISERBA,18/a,2417.0,2.0,47.0,15;16;16,3,viserba residence,3.0,R;1;2,96.0,29;32;32,Residence
393,VIA VITRUVIO N. 18 (z.d. 3),VIA,VITRUVIO,18,2134.0,3,19.0,8,2,hotel salerno,,,39.0,16,Albergo
394,VIA VITRUVIO N. 20 (z.d. 3),VIA,VITRUVIO,20,2134.0,3,17.0,0,2,hotel eden,2.0,,32.0,0,Albergo
395,VIA VITRUVIO N. 24 (z.d. 3),VIA,VITRUVIO,24,2134.0,3,17.0,4;4;5,2,hotel mondial,3.0,T;1;2,29.0,6;8;7,Albergo
396,VIA VITRUVIO N. 28 (z.d. 3),VIA,VITRUVIO,28,2134.0,3,14.0,0,2,hotel 2000,,,25.0,0,Albergo
397,VIA VITRUVIO N. 29 (z.d. 3),VIA,VITRUVIO,29,2134.0,3,18.0,3;6;6;3,3,hotel mazzini,4.0,T;1;2;3,30.0,9;10;10;5,Albergo
398,VIA VITRUVIO N. 43 (z.d. 2),VIA,VITRUVIO,43,2134.0,2,28.0,0,3,gonzaga,,,67.0,0,Albergo
399,VIA VITRUVIO N. 48 (z.d. 3),VIA,VITRUVIO,48,2134.0,3,83.0,0,3,hotel amadeus,,,150.0,0,Albergo
400,VIA WASHINGTON GIORGIO N. 42 (z.d. 7),VIA,WASHINGTON GIORGIO,42,6111.0,7,12.0,4;4;4,1,villa giovanna,3.0,1;2;M,16.0,6;6;4,Albergo
401,VIA WASHINGTON GIORGIO N. 66 (z.d. 7),VIA,WASHINGTON GIORGIO,66,6111.0,7,323.0,52;52;52;52;52;52;11,4,marriot hotel,7.0,1;2;3;4;5;6;7,646.0,104;104;104;104;104;104;22,Albergo
402,VIA WATT GIACOMO N. 13 (z.d. 6),VIA,WATT GIACOMO,13,5292.0,6,87.0,87,4,idea hotel milano watttredici,,,169.0,169,Albergo
403,VLE ABRUZZI N. 67 (z.d. 3),VLE,ABRUZZI,67,2177.0,3,20.0,,3,domus,,,36.0,,Residence
404,VLE ARGONNE N. 14 (z.d. 4),VLE,ARGONNE,14,3254.0,4,19.0,6;8;2;4,3,albergo susa,4.0,2;3;T;1,37.0,9;8;8;5,Albergo
405,VLE BERENGARIO N. 3 (z.d. 8),VLE,BERENGARIO,3,6364.0,8,27.0,27,3,hotel campion,3.0,,51.0,49,Albergo
406,VLE BLIGNY N. 23 (z.d. 5),VLE,BLIGNY,23,4045.0,5,84.0,15;15;15;9;9;9;7,4,hotel d este,7.0,1;2;3;4;5;6;7,138.0,26;26;25;14;14;14;14,Albergo
407,VLE BLIGNY N. 56 (z.d. 5),VLE,BLIGNY,56,4045.0,5,58.0,8;10;4,4,hotel liberty,6.0,1;2;3;4;5;6,106.0,18;7,Albergo
408,VLE BRENTA N. 33 (z.d. 4),VLE,BRENTA,33,4151.0,4,12.0,12,,hotel brenta milano,,,23.0,23,Albergo
409,VLE CERTOSA N. 108 (z.d. 8),VLE,CERTOSA,108,7174.0,8,126.0,35;34;24;21,4,hotel raffaello,5.0,1;2;3;4;5,223.0,55;54;43;38;29,Albergo
410,VLE CERTOSA N. 26 (z.d. 8),VLE,CERTOSA,26,7174.0,8,25.0,25,3,hotel certosa,,,50.0,50,Albergo
411,VLE CERTOSA N. 68 (z.d. 8),VLE,CERTOSA,68,7174.0,8,66.0,0,4,hotel accademia,,,130.0,0,Albergo
412,VLE CERTOSA N. 88 (z.d. 8),VLE,CERTOSA,88,7174.0,8,27.0,,3,albergo accursio,,,39.0,,Albergo
413,VLE DEI MILLE N. 24 (z.d. 3),VLE,DEI MILLE,24,3115.0,3,11.0,3;4;4,1,pensione capri,3.0,T;1;2,20.0,5;8;4,Albergo
414,VLE DEI MILLE N. 48 (z.d. 3),VLE,DEI MILLE,48,3115.0,3,10.0,0,1,hotel aladin,,,17.0,0,Albergo
415,VLE DEI MILLE N. 48 (z.d. 3),VLE,DEI MILLE,48,3115.0,3,14.0,,1,doria suisse,4.0,,20.0,,Albergo
416,VLE DEI MILLE N. 48 (z.d. 3),VLE,DEI MILLE,48,3115.0,3,14.0,14,1,exellent,,,16.0,16,Albergo
417,VLE DEI MILLE num.060/62 ; (z.d. 3),VLE,DEI MILLE,60/62,3115.0,3,22.0,4;6;4,3,hotel ideale,3.0,R;1;2,40.0,5;9;6,Albergo
418,VLE DORIA ANDREA N. 22 (z.d. 3),VLE,DORIA ANDREA,22,2230.0,3,124.0,12;22;22;22;22;22;22;22;22;22,4,doria grand hotel,10.0,1;2;3;4;5;6;7;8;9;0,234.0,23;23;23;23;23;23;23;23;23;23,Albergo
419,VLE DORIA ANDREA N. 4 (z.d. 2),VLE,DORIA ANDREA,4,2230.0,2,143.0,,4,starhotels E.C.H.O.,7.0,,299.0,,Albergo
420,VLE ESPINASSE CARLO N. 22 (z.d. 8),VLE,ESPINASSE CARLO,22,7390.0,8,10.0,0;4;4,1,sorrento,,;1;2,20.0,0;7;7,Albergo
421,VLE FAENZA N. 12/13 (z.d. 6),VLE,FAENZA,12/13,5350.0,6,8.0,,1,HOTEL FAENZA,,,20.0,,Albergo
422,VLE FAMAGOSTA N. 48 (z.d. 6),VLE,FAMAGOSTA,48,5353.0,6,54.0,22;22;10,4,green house residence,3.0,R;1;3,97.0,38;38;21,Residence
423,VLE FAMAGOSTA N. 50 (z.d. 6),VLE,FAMAGOSTA,50,5353.0,6,45.0,0,3,green house,,,92.0,0,Albergo
424,VLE ISONZO N. 14 (z.d. 5),VLE,ISONZO,14,4211.0,5,172.0,0,4,grand visconti palace,,,388.0,0,Albergo
425,VLE ISONZO N. 2 (z.d. 5),VLE,ISONZO,2,4211.0,5,60.0,0,4,hotel mayor,8.0,,120.0,0,Albergo
426,VLE LOMBARDIA N. 20 (z.d. 3),VLE,LOMBARDIA,20,2400.0,3,14.0,,3,OASI VILLAGE HOTEL,,,25.0,,Albergo
427,VLE LOMBARDIA N. 55 licenza rilasciata dallo sport; (z.d. 3),VLE,LOMBARDIA,55,2400.0,3,28.0,0,3,HOTEL SAN FRANCISCO,,,55.0,0,Albergo
428,VLE LOMBARDIA N. 59 (z.d. 3),VLE,LOMBARDIA,59,2400.0,3,11.0,0,1,hotel acapulco,,,18.0,0,Albergo
429,VLE LOMBARDIA N. 74 (z.d. 3),VLE,LOMBARDIA,74,2400.0,3,96.0,,3,albergo lombardia,,,157.0,,Albergo
430,VLE MONTE GRAPPA N. 12 (z.d. 9),VLE,MONTE GRAPPA,12,1101.0,9,65.0,65,4,maison moschino,,,135.0,135,Albergo
431,VLE MONZA N. 120 (z.d. 2),VLE,MONZA,120,2274.0,2,15.0,0,3,hotel nuovo metro,,,25.0,0,Albergo
432,VLE MONZA N. 132 ang. via petrocchi n. 1; (z.d. 2),VLE,MONZA,132,2274.0,2,120.0,27;27;12;12;12;12;12;6,4,hotel concorde,8.0,1;2;3;4;5;6;7;8,254.0,45;45;30;30;30;30;30;14,Albergo
433,VLE MONZA N. 139 (z.d. 2),VLE,MONZA,139,2274.0,2,89.0,9;9;9;9;9;9;3,4,residence atahotel linea uno,,1;2;3;4;5;6;7,254.0,20;20;20;20;20;20;6,Albergo
434,VLE MURILLO S.B. N. 22 (z.d. 7),VLE,MURILLO S.B.,22,6551.0,7,25.0,9;10;6,2,murillo,3.0,T;1;2,46.0,17;17;10,Albergo
435,VLE MURILLO S.B. N. 9 (z.d. 7),VLE,MURILLO S.B.,9,6551.0,7,72.0,,4,astoria,,,120.0,,Albergo
436,VLE PAPINIANO N. 14 (z.d. 1),VLE,PAPINIANO,14,5097.0,1,52.0,13;13;13;13,3,hotel sant ambreus,4.0,1;2;3;4,84.0,21;21;21;21,Albergo
437,VLE PIAVE N. 42 (z.d. 3),VLE,PIAVE,42,2179.0,3,105.0,,4,hotel sheraton diana majestic,,,205.0,,Albergo
438,VLE PIAVE N. 5 2ø piano; (z.d. 1),VLE,PIAVE,5,2179.0,1,12.0,0,2,atena,,,24.0,0,Albergo
439,VLE PICENO N. 33 (z.d. 4),VLE,PICENO,33,3114.0,4,17.0,17,2,hotel dateo,,,33.0,33,Albergo
440,VLE SABOTINO N. 16 (z.d. 5),VLE,SABOTINO,16,4046.0,5,13.0,0,2,hotel arco romana,,,25.0,0,Albergo
441,VLE STURZO DON LUIGI N. 45 (z.d. 9),VLE,STURZO DON LUIGI,45,1704.0,9,420.0,70,4,atahotel executive,6.0,1;2;3;4;5;6,792.0,140,Albergo
442,VLE SUZZANI GIOVANNI N. 13 (z.d. 9),VLE,SUZZANI GIOVANNI,13,1446.0,9,172.0,30;11,4,novotel milano nord,7.0,1;2;3;4;5;6;7,344.0,60;22,Albergo
443,VLE SUZZANI GIOVANNI num.013/15 ; (z.d. 9),VLE,SUZZANI GIOVANNI,13/15,,9,131.0,33,3,hotel ibis milano ca  granda,4.0,1;2;3;4,262.0,66,Albergo
444,VLE TESTI FULVIO N. 300 (z.d. 9),VLE,TESTI FULVIO,300,1441.0,9,140.0,15;15;15;15;15;9,4,starhotels tourist,,R;1;2;3;4;5,250.0,29;29;29;29;29;9,Albergo
445,VLE TUNISIA N. 6 (z.d. 3),VLE,TUNISIA,6,2121.0,3,12.0,0,1,hotel san tomaso,1.0,,25.0,0,Albergo
446,VLE TUNISIA N. 6 (z.d. 3),VLE,TUNISIA,6,2121.0,3,13.0,16,1,hotel kennedy,1.0,6,23.0,23,Albergo
447,VLE TUNISIA N. 9 (z.d. 3),VLE,TUNISIA,9,2121.0,3,50.0,3;6;9;9;9,4,st. george hotel,,A;1;2;3;4,99.0,5;16;26;26;26,Albergo
448,VLE VITTORIO VENETO N. 30 (z.d. 2),VLE,VITTORIO VENETO,30,2107.0,2,15.0,,2,hotel casa mia,,,25.0,,Albergo
449,VLE ZARA N. 1 (z.d. 9),VLE,ZARA,1,1170.0,9,32.0,,4,casa albergo residence zara lagosta,,,64.0,,Residence
450,VLE ZARA N. 89 (z.d. 9),VLE,ZARA,89,1170.0,9,22.0,12;7;4,3,hotel gala,3.0,R;1;2,35.0,20;12;7,Albergo
